id,total_votes,missed_votes,percent,percentile,first_vote_date,last_vote_date
400080,29131,4922,16.8960900758642,99.773242630385482,1965-01-04,2017-12-05
400350,16738,2786,16.644760425379378,99.546485260770979,1993-01-05,2018-02-09
412729,779,117,15.019255455712452,99.319727891156461,2017-01-03,2018-02-09
400440,27247,3976,14.592432194370023,99.092970521541943,1973-03-14,2018-02-09
412486,4914,640,13.024013024013023,98.86621315192744,2011-01-05,2018-02-09
400163,16728,2112,12.625538020086083,98.639455782312922,1993-01-05,2018-02-09
408211,7389,830,11.232913790770063,98.412698412698404,1975-01-14,2018-02-09
412506,3362,359,10.67816775728733,98.185941043083901,2012-11-15,2018-02-09
412567,3308,347,10.489721886336154,97.959183673469383,2013-01-03,2018-02-09
412616,2104,207,9.838403041825094,97.732426303854879,2015-01-06,2018-02-09
412699,779,76,9.75609756097561,97.505668934240362,2017-01-03,2018-02-09
412259,7081,683,9.64553029233159,97.278911564625844,2008-04-10,2018-02-09
412693,779,74,9.499358151476251,97.05215419501134,2017-01-03,2018-02-09
412404,4914,436,8.872608872608872,96.825396825396822,2011-01-05,2018-02-09
400170,16739,1480,8.841627337355876,96.598639455782305,1993-01-05,2018-02-09
412640,1433,125,8.722958827634333,96.371882086167801,2015-01-06,2017-02-28
400271,13621,1164,8.545628074297042,96.145124716553283,1998-02-11,2018-02-09
412432,4914,393,7.997557997557997,95.918367346938766,2011-01-05,2018-02-09
412692,779,62,7.958921694480104,95.691609977324262,2017-01-03,2018-02-09
400379,14277,1087,7.613644323037053,95.464852607709744,1997-01-07,2018-02-09
412412,4914,370,7.52950752950753,95.238095238095227,2011-01-05,2018-02-09
400422,17657,1321,7.481452115308376,95.011337868480723,1991-01-03,2018-02-09
400122,18570,1341,7.221324717285945,94.784580498866205,1989-01-03,2018-02-09
400651,9659,682,7.060772336680817,94.557823129251702,2005-01-04,2018-02-09
400021,16021,1096,6.841021159727857,94.331065759637184,1993-01-05,2017-01-23
400240,19507,1331,6.823191674783412,94.104308390022666,1987-01-06,2018-02-09
400162,10880,742,6.81985294117647,93.877551020408163,2003-01-07,2018-02-09
412697,779,53,6.8035943517329915,93.650793650793645,2017-01-03,2018-02-09
400656,9659,656,6.7915933326431315,93.424036281179141,2005-01-04,2018-02-09
412397,4914,332,6.7562067562067565,93.197278911564624,2011-01-05,2018-02-09
400206,17564,1185,6.746754725575039,92.97052154195012,1991-05-22,2018-02-09
400378,19514,1310,6.713129035564211,92.743764172335602,1987-01-06,2018-02-09
400029,10880,720,6.61764705882353,92.517006802721085,2003-01-07,2018-02-09
412461,4914,317,6.4509564509564505,92.290249433106581,2011-01-05,2018-02-09
400074,11876,762,6.416301785112832,92.063492063492063,2001-01-03,2018-02-09
412468,4914,306,6.227106227106227,91.83673469387756,2011-01-05,2018-02-09
400089,11876,738,6.2142135399124285,91.609977324263042,2001-01-03,2018-02-09
400314,16110,997,6.188702669149596,91.383219954648524,1987-06-09,2018-02-09
400199,15617,962,6.1599538963949545,91.156462585034021,1995-01-04,2018-02-09
400093,14277,873,6.114729985291027,90.929705215419503,1997-01-07,2018-02-09
400157,14277,870,6.093717167472159,90.702947845804999,1997-01-07,2018-02-09
412517,3308,192,5.804111245465538,90.476190476190482,2013-01-03,2018-02-09
412500,4208,244,5.798479087452471,90.249433106575964,2011-09-15,2018-02-09
412261,6992,402,5.749427917620138,90.02267573696146,2008-05-07,2018-02-09
400639,9659,555,5.7459364323428925,89.795918367346943,2005-01-04,2018-02-09
400652,9659,552,5.714877316492391,89.569160997732425,2005-01-04,2018-02-09
400018,20404,1159,5.6802587727896485,89.342403628117921,1985-01-03,2018-02-09
400623,9659,545,5.642406046174552,89.115646258503403,2005-01-04,2018-02-09
412607,2152,121,5.622676579925651,88.888888888888886,2014-11-13,2018-02-09
412215,8445,471,5.577264653641207,88.662131519274382,2007-01-04,2018-02-09
400618,9651,534,5.5331053776810695,88.435374149659864,2005-01-04,2018-02-09
412385,5374,297,5.526609601786379,88.208616780045361,2010-04-15,2018-02-09
400291,18575,1018,5.480484522207267,87.981859410430843,1989-01-03,2018-02-09
412477,4914,265,5.392755392755393,87.755102040816325,2011-01-05,2018-02-09
400211,21310,1142,5.358986391365557,87.528344671201822,1983-01-03,2018-02-09
400290,13090,695,5.309396485867074,87.301587301587304,1999-01-06,2018-02-09
412550,3308,175,5.290205562273277,87.074829931972786,2013-01-03,2018-02-09
412624,2104,109,5.180608365019011,86.848072562358283,2015-01-06,2018-02-09
400344,18366,951,5.178046390068605,86.621315192743765,1989-05-17,2018-02-09
400661,9659,499,5.166166269800186,86.394557823129247,2005-01-04,2018-02-09
400355,10880,559,5.137867647058823,86.167800453514744,2003-01-07,2018-02-09
400158,11876,610,5.136409565510273,85.941043083900226,2001-01-03,2018-02-09
400616,9799,503,5.1331768547811,85.714285714285708,2004-07-21,2018-02-09
412585,3308,168,5.078597339782346,85.487528344671205,2013-01-03,2018-02-09
400204,16739,844,5.042117211302945,85.260770975056687,1993-01-05,2018-02-09
412418,3636,181,4.9779977997799785,85.034013605442169,2011-01-05,2018-02-09
400233,13090,650,4.965622612681436,84.807256235827666,1999-01-06,2018-02-09
412543,3308,164,4.957678355501813,84.580498866213148,2013-01-03,2018-02-09
412560,3303,161,4.874356645473812,84.353741496598644,2013-01-03,2018-02-09
400108,10880,530,4.8713235294117645,84.126984126984127,2003-01-07,2018-02-09
412186,8472,412,4.863078375826251,83.900226757369609,2006-11-13,2018-02-09
400289,16734,805,4.810565316122864,83.673469387755105,1993-01-05,2018-02-09
412548,3308,159,4.806529625151149,83.446712018140587,2013-01-03,2018-02-09
412221,8445,405,4.7957371225577266,83.21995464852607,2007-01-04,2018-02-09
400090,14600,694,4.7534246575342465,82.993197278911566,1996-04-25,2018-02-09
412621,2104,100,4.752851711026616,82.766439909297048,2015-01-06,2018-02-09
412474,4232,201,4.74952741020794,82.539682539682531,2011-01-05,2017-02-15
412419,4914,230,4.68050468050468,82.312925170068027,2011-01-05,2018-02-09
412595,3211,149,4.640298972282778,82.086167800453509,2013-04-11,2018-02-09
412308,6569,303,4.61257421220886,81.859410430838992,2009-01-06,2018-02-09
400251,16734,768,4.589458587307279,81.632653061224488,1993-01-05,2018-02-09
400659,9659,442,4.5760430686406455,81.40589569160997,2005-01-04,2018-02-09
412431,4196,191,4.551954242135367,81.179138321995467,2011-01-05,2017-01-23
412728,779,35,4.492939666238768,80.952380952380949,2017-01-03,2018-02-09
412199,8445,377,4.464179988158674,80.725623582766431,2007-01-04,2018-02-09
400047,13462,599,4.449561729312138,80.498866213151928,1998-05-21,2018-02-09
400068,10866,482,4.43585496042702,80.27210884353741,2003-01-07,2018-02-09
400046,14277,633,4.433704559781466,80.045351473922892,1997-01-07,2018-02-09
400641,9654,424,4.39196188108556,79.818594104308389,2005-01-04,2018-02-09
412410,4914,215,4.375254375254375,79.591836734693871,2011-01-05,2018-02-09
400349,10880,471,4.329044117647059,79.365079365079367,2003-01-07,2018-02-09
400101,14277,614,4.3006233802619604,79.13832199546485,1997-01-07,2018-02-09
400114,15617,661,4.232567074342064,78.911564625850332,1995-01-04,2018-02-09
412445,4914,207,4.212454212454213,78.684807256235828,2011-01-05,2018-02-09
412576,3308,138,4.171704957678355,78.458049886621311,2013-01-03,2018-02-09
400367,14271,594,4.162287155770444,78.231292517006807,1997-01-07,2018-02-09
400033,14526,604,4.158061407132039,78.004535147392289,1996-05-30,2018-02-09
412578,3308,137,4.141475211608222,77.777777777777786,2013-01-03,2018-02-09
412382,5712,236,4.131652661064425,77.551020408163268,2009-11-05,2018-02-09
400063,13090,539,4.117647058823529,77.324263038548764,1999-01-06,2018-02-09
400416,16734,684,4.087486554320545,77.097505668934247,1993-01-05,2018-02-09
412254,7464,305,4.086280814576634,76.870748299319729,2007-10-18,2018-02-09
400160,16739,675,4.032498954537308,76.643990929705225,1993-01-05,2018-02-09
400309,14277,574,4.020452476010367,76.417233560090708,1997-01-07,2018-02-09
400209,15617,623,3.989242492155984,76.19047619047619,1995-01-04,2018-02-09
400100,19508,776,3.9778552388763586,75.963718820861686,1987-01-06,2018-02-09
400352,10880,432,3.9705882352941173,75.736961451247168,2003-01-07,2018-02-09
412469,4914,195,3.968253968253968,75.510204081632651,2011-01-05,2018-02-09
412270,6134,243,3.961525921095533,75.283446712018147,2009-01-06,2017-06-29
412652,2104,83,3.944866920152091,75.056689342403629,2015-01-06,2018-02-09
412509,3308,130,3.9298669891172913,74.829931972789126,2013-01-03,2018-02-09
412488,4914,190,3.8665038665038662,74.603174603174608,2011-01-05,2018-02-09
412195,8445,326,3.8602723505032563,74.37641723356009,2007-01-04,2018-02-09
412716,779,30,3.8510911424903727,74.149659863945587,2017-01-03,2018-02-09
412478,4914,189,3.8461538461538463,73.922902494331069,2011-01-05,2018-02-09
400030,16739,643,3.8413286337296135,73.696145124716551,1993-01-05,2018-02-09
412315,6546,251,3.8344026886648335,73.469387755102048,2009-01-06,2018-02-09
412211,8445,319,3.7773830669034933,73.24263038548753,2007-01-04,2018-02-09
400249,11481,433,3.7714484800975523,73.015873015873012,2001-10-23,2018-02-09
412657,2104,79,3.754752851711027,72.789115646258509,2015-01-06,2018-02-09
400245,15617,583,3.7331113530127427,72.562358276643991,1995-01-04,2018-02-09
400402,16603,615,3.7041498524363066,72.335600907029473,1993-04-20,2018-02-09
412396,4914,182,3.7037037037037033,72.10884353741497,2011-01-05,2018-02-09
400343,18575,683,3.676985195154778,71.882086167800452,1989-01-03,2018-02-09
400237,13538,490,3.6194415718717683,71.655328798185948,1998-04-21,2018-02-09
412400,4914,177,3.6019536019536016,71.428571428571431,2011-01-05,2018-02-09
412544,3308,119,3.5973397823458284,71.201814058956913,2013-01-03,2018-02-09
412703,779,28,3.594351732991014,70.975056689342409,2017-01-03,2018-02-09
412647,2104,75,3.5646387832699618,70.748299319727892,2015-01-06,2018-02-09
412443,4914,175,3.561253561253561,70.521541950113374,2011-01-05,2018-02-09
412426,4914,174,3.5409035409035408,70.29478458049887,2011-01-05,2018-02-09
412529,3308,117,3.5368802902055623,70.068027210884352,2013-01-03,2018-02-09
412192,8445,298,3.5287152161042035,69.841269841269835,2007-01-04,2018-02-09
412619,2104,74,3.5171102661596962,69.614512471655331,2015-01-06,2018-02-09
400366,18160,637,3.5077092511013217,69.387755102040813,1990-03-28,2018-02-09
400075,16739,584,3.488858354740427,69.160997732426296,1993-01-05,2018-02-09
412687,779,27,3.465982028241335,68.707482993197274,2017-01-03,2018-02-09
412717,779,27,3.465982028241335,68.707482993197274,2017-01-03,2018-02-09
412561,3308,113,3.4159613059250304,68.480725623582757,2013-01-03,2018-02-09
400406,11824,402,3.399864682002706,68.253968253968253,2001-01-03,2018-01-11
412196,8445,286,3.3866193013617525,68.027210884353735,2007-01-04,2018-02-09
412555,3308,112,3.3857315598548974,67.800453514739232,2013-01-03,2018-02-09
412727,779,26,3.3376123234916557,67.573696145124714,2017-01-03,2018-02-09
412660,2104,69,3.279467680608365,67.346938775510196,2015-01-06,2018-02-09
412327,6576,215,3.269464720194647,67.120181405895693,2008-12-10,2018-02-09
412511,3308,108,3.2648125755743655,66.893424036281175,2013-01-03,2018-02-09
412318,4963,160,3.2238565383840423,66.666666666666657,2009-01-06,2018-02-09
400087,13085,415,3.1715705005731754,66.439909297052154,1999-01-06,2018-02-09
412379,6021,190,3.1556219897027074,66.213151927437636,2009-07-16,2018-02-09
412551,3308,102,3.083434099153567,65.986394557823118,2013-01-03,2018-02-09
412629,2104,64,3.041825095057034,65.759637188208615,2015-01-06,2018-02-09
400381,19513,590,3.0236252754573876,65.532879818594097,1987-01-06,2018-02-09
412558,3308,100,3.0229746070133015,65.306122448979593,2013-01-03,2018-02-09
412311,6569,198,3.0141574059978686,65.079365079365076,2009-01-06,2018-02-09
412411,4914,148,3.011803011803012,64.625850340136054,2011-01-05,2018-02-09
412475,4914,148,3.011803011803012,64.625850340136054,2011-01-05,2018-02-09
412519,3308,99,2.992744860943168,64.172335600907033,2013-01-03,2018-02-09
412526,3308,99,2.992744860943168,64.172335600907033,2013-01-03,2018-02-09
400196,11876,354,2.9808016167059614,63.945578231292522,2001-01-03,2018-02-09
400376,13090,388,2.964094728800611,63.718820861678005,1999-01-06,2018-02-09
400660,9659,286,2.9609690444145356,63.492063492063487,2005-01-04,2018-02-09
412715,779,23,2.952503209242619,63.265306122448983,2017-01-03,2018-02-09
412618,2104,62,2.9467680608365017,63.038548752834465,2015-01-06,2018-02-09
412563,3308,96,2.902055622732769,62.811791383219948,2013-01-03,2018-02-09
412462,4914,142,2.88970288970289,62.585034013605444,2011-01-05,2018-02-09
412202,8445,244,2.8892835997631736,62.358276643990926,2007-01-04,2018-02-09
400124,16739,480,2.867554812115419,62.131519274376416,1993-01-05,2018-02-09
412601,2665,76,2.851782363977486,61.904761904761905,2014-01-08,2018-02-09
400313,9225,263,2.850948509485095,61.678004535147387,2003-01-07,2018-02-09
400626,8965,255,2.8443948689347462,61.451247165532884,2005-01-04,2017-02-07
412307,6569,186,2.8314811995737554,61.224489795918366,2009-01-06,2018-02-09
412725,779,22,2.8241335044929397,60.997732426303855,2017-01-03,2018-02-09
400297,10880,304,2.794117647058824,60.770975056689345,2003-01-07,2018-02-09
400640,9659,269,2.784967387928357,60.544217687074834,2005-01-04,2018-02-09
412536,3308,92,2.781136638452237,60.317460317460316,2013-01-03,2018-02-09
400218,14277,397,2.7806962246970652,60.090702947845806,1997-01-07,2018-02-09
400057,16739,460,2.74807336161061,59.863945578231295,1993-01-05,2018-02-09
400081,16573,455,2.745429312737585,59.637188208616777,1983-01-03,2018-02-09
400644,9659,265,2.743555233461021,59.410430839002274,2005-01-04,2018-02-09
400247,15953,437,2.739296684009277,59.183673469387756,1994-05-17,2018-02-09
400630,9659,263,2.722849156227353,58.956916099773238,2005-01-04,2018-02-09
400373,14277,388,2.717657771240457,58.730158730158735,1997-01-07,2018-02-09
412670,2104,57,2.709125475285171,58.503401360544217,2015-01-06,2018-02-09
412605,2152,58,2.6951672862453533,58.276643990929713,2014-11-13,2018-02-09
412531,3308,89,2.6904474002418377,58.049886621315196,2013-01-03,2018-02-09
400363,10880,292,2.6838235294117645,57.823129251700678,2003-01-07,2018-02-09
412219,5514,147,2.665941240478781,57.596371882086174,2007-01-04,2018-02-09
400004,14277,380,2.6616235903901377,57.369614512471657,1997-01-07,2018-02-09
412532,3308,88,2.6602176541717046,57.142857142857139,2013-01-03,2018-02-09
400246,18570,492,2.6494345718901453,56.916099773242635,1989-01-03,2018-02-09
412615,2104,55,2.614068441064639,56.689342403628117,2015-01-06,2018-02-09
400189,22065,570,2.583276682528892,56.4625850340136,1981-06-04,2018-02-09
400347,16732,425,2.5400430313172366,56.235827664399096,1993-01-05,2018-02-09
412580,3308,84,2.539298669891173,56.009070294784578,2013-01-03,2018-02-09
409888,11754,297,2.5267993874425727,55.782312925170061,2001-05-17,2018-02-09
412510,3308,83,2.5090689238210397,55.328798185941039,2013-01-03,2018-02-09
412581,3308,83,2.5090689238210397,55.328798185941039,2013-01-03,2018-02-09
412638,2104,52,2.4714828897338403,55.102040816326522,2015-01-06,2018-02-09
412331,6376,157,2.4623588456712673,54.875283446712018,2009-04-21,2018-02-09
412444,4914,121,2.4623524623524626,54.6485260770975,2011-01-05,2018-02-09
400077,10880,266,2.4448529411764706,54.421768707482997,2003-01-07,2018-02-09
412258,7121,174,2.4434770397416097,54.195011337868479,2008-03-13,2018-02-09
412236,8445,206,2.4393132030787448,53.968253968253968,2007-01-04,2018-02-09
400032,10880,265,2.4356617647058822,53.741496598639458,2003-01-07,2018-02-09
400259,11876,289,2.433479285954867,53.51473922902494,2001-01-03,2018-02-09
400220,10880,264,2.4264705882352944,53.287981859410429,2003-01-07,2018-02-09
412650,2104,51,2.423954372623574,53.061224489795919,2015-01-06,2018-02-09
400219,16739,403,2.407551227671904,52.834467120181408,1993-01-05,2018-02-09
412600,2671,64,2.3961063272182703,52.60770975056689,2013-12-12,2018-02-09
400052,10880,259,2.380514705882353,52.380952380952387,2003-01-07,2018-02-09
412239,8444,197,2.3330175272382756,52.154195011337869,2007-01-04,2018-02-09
412514,3308,77,2.327690447400242,51.927437641723351,2013-01-03,2018-02-09
400653,9659,224,2.319080650170825,51.700680272108848,2005-01-04,2018-02-09
412694,779,18,2.3106546854942236,51.47392290249433,2017-01-03,2018-02-09
400654,9659,223,2.308727611553991,51.247165532879826,2005-01-04,2018-02-09
412437,4914,113,2.2995522995522997,50.793650793650791,2011-01-05,2018-02-09
412480,4914,113,2.2995522995522997,50.793650793650791,2011-01-05,2018-02-09
412302,6569,151,2.298675597503425,50.566893424036287,2009-01-06,2018-02-09
412575,3308,76,2.2974607013301087,50.34013605442177,2013-01-03,2018-02-09
400232,11876,272,2.2903334456045807,50.113378684807252,2001-01-03,2018-02-09
412310,6569,150,2.283452580301416,49.886621315192741,2009-01-06,2018-02-09
412435,4914,111,2.258852258852259,49.65986394557823,2011-01-05,2018-02-09
400141,10772,242,2.246565168956554,49.43310657596372,2003-01-07,2017-12-07
412566,3308,74,2.2370012091898426,49.206349206349202,2013-01-03,2018-02-09
412622,2104,47,2.2338403041825097,48.752834467120181,2015-01-06,2018-02-09
412637,2104,47,2.2338403041825097,48.752834467120181,2015-01-06,2018-02-09
412473,4913,109,2.2186037044575615,48.52607709750567,2011-01-05,2018-02-09
412283,6569,145,2.2073374942913686,48.299319727891152,2009-01-06,2018-02-09
412690,779,17,2.1822849807445444,48.072562358276642,2017-01-03,2018-02-09
412540,3308,71,2.146311970979444,47.845804988662131,2013-01-03,2018-02-09
400111,15617,334,2.1386950118460653,47.619047619047613,1995-01-04,2018-02-09
412470,4913,105,2.137187054752697,47.392290249433103,2011-01-05,2018-02-09
400360,13090,279,2.131398013750955,47.165532879818592,1999-01-06,2018-02-09
400340,22122,469,2.1200614772624538,46.938775510204081,1981-01-05,2018-02-09
412565,3308,70,2.1160822249093107,46.712018140589571,2013-01-03,2018-02-09
412209,8445,178,2.107756068679692,46.48526077097506,2007-01-04,2018-02-09
412612,2104,44,2.091254752851711,46.031746031746032,2015-01-06,2018-02-09
412636,2104,44,2.091254752851711,46.031746031746032,2015-01-06,2018-02-09
400348,16739,350,2.0909253838341595,45.804988662131521,1993-01-05,2018-02-09
412395,4914,102,2.0757020757020754,45.57823129251701,2011-01-05,2018-02-09
412739,434,9,2.0737327188940093,45.3514739229025,2017-07-11,2018-02-09
400380,22122,457,2.0658168339209837,45.124716553287982,1981-01-05,2018-02-09
400351,11594,239,2.0614110746938072,44.897959183673471,1999-01-06,2018-02-09
400607,6902,142,2.057374674007534,44.671201814058961,1995-01-04,2018-02-09
400411,10880,221,2.03125,44.444444444444443,2003-01-07,2018-02-09
400417,20404,413,2.0241129190354834,44.217687074829932,1985-01-03,2018-02-09
412309,6569,131,1.9942152534632365,43.990929705215422,2009-01-06,2018-02-09
412226,8445,167,1.9775014801657786,43.764172335600911,2007-01-04,2018-02-09
412655,2104,41,1.9486692015209126,43.537414965986393,2015-01-06,2018-02-09
400655,9659,187,1.9360182213479658,43.310657596371883,2005-01-04,2018-02-09
412691,779,15,1.9255455712451863,42.630385487528343,2017-01-03,2018-02-09
412696,779,15,1.9255455712451863,42.630385487528343,2017-01-03,2018-02-09
412706,779,15,1.9255455712451863,42.630385487528343,2017-01-03,2018-02-09
412393,4999,96,1.920384076815363,42.403628117913833,2010-11-18,2018-02-09
412673,1796,34,1.893095768374165,42.176870748299322,2015-06-09,2018-02-09
400433,11373,211,1.8552712564846567,41.950113378684804,2001-12-19,2018-02-09
412658,2104,39,1.85361216730038,41.723356009070294,2015-01-06,2018-02-09
412250,8445,155,1.8354055654233272,41.496598639455783,2007-01-04,2018-02-09
400341,10880,199,1.8290441176470589,41.269841269841265,2003-01-07,2018-02-09
412649,2104,38,1.8060836501901139,40.816326530612244,2015-01-06,2018-02-09
412663,2104,38,1.8060836501901139,40.816326530612244,2015-01-06,2018-02-09
412190,8445,152,1.7998815867377147,40.589569160997733,2007-01-04,2018-02-09
412707,779,14,1.797175866495507,40.362811791383216,2017-01-03,2018-02-09
400657,9659,173,1.791075680712289,40.136054421768705,2005-01-04,2018-02-09
400103,17671,316,1.7882406202252277,39.909297052154194,1991-01-03,2018-02-09
412214,8445,151,1.7880402605091772,39.682539682539684,2007-01-04,2018-02-09
412191,8445,149,1.7643576080521017,39.455782312925166,2007-01-04,2018-02-09
400285,10669,188,1.762114537444934,39.229024943310655,2003-01-07,2017-10-12
400316,17671,311,1.7599456737026766,39.002267573696145,1991-01-03,2018-02-09
412651,2104,37,1.7585551330798481,38.775510204081634,2015-01-06,2018-02-09
412562,3303,58,1.755979412655162,38.548752834467123,2013-01-03,2018-02-09
400142,15617,272,1.741691746174041,38.321995464852613,1995-01-04,2018-02-09
412472,4914,85,1.7297517297517297,38.095238095238095,2011-01-05,2018-02-09
400308,18575,315,1.695827725437416,37.868480725623584,1989-01-03,2018-02-09
412525,3308,56,1.6928657799274487,37.641723356009074,2013-01-03,2018-02-09
412705,779,13,1.6688061617458279,37.188208616780045,2017-01-03,2018-02-09
412730,779,13,1.6688061617458279,37.188208616780045,2017-01-03,2018-02-09
412522,3308,55,1.6626360338573156,36.961451247165535,2013-01-03,2018-02-09
412189,8445,139,1.645944345766726,36.734693877551024,2007-01-04,2018-02-09
412672,1888,31,1.641949152542373,36.507936507936506,2015-05-12,2018-02-09
412627,2104,34,1.6159695817490494,36.281179138321995,2015-01-06,2018-02-09
412282,6569,106,1.6136398234130003,36.054421768707485,2009-01-06,2018-02-09
400097,11876,191,1.6082856180532166,35.827664399092974,2001-01-03,2018-02-09
412546,3308,53,1.6021765417170497,35.147392290249435,2013-01-03,2018-02-09
412552,3308,53,1.6021765417170497,35.147392290249435,2013-01-03,2018-02-09
412521,3308,53,1.6021765417170497,35.147392290249435,2013-01-03,2018-02-09
400230,11876,190,1.5998652745031996,34.920634920634917,2001-01-03,2018-02-09
412584,3308,52,1.5719467956469164,34.693877551020407,2013-01-03,2018-02-09
400263,14277,224,1.5689570638089234,34.467120181405896,1997-01-07,2018-02-09
400364,16739,261,1.5592329290877591,34.240362811791378,1993-01-05,2018-02-09
412434,4914,76,1.5466015466015466,34.013605442176868,2011-01-05,2018-02-09
412568,3308,51,1.5417170495767836,33.786848072562357,2013-01-03,2018-02-09
412417,4914,75,1.5262515262515262,33.560090702947846,2011-01-05,2018-02-09
412656,2104,32,1.520912547528517,33.333333333333329,2015-01-06,2018-02-09
400326,18171,273,1.502393924385009,33.106575963718818,1987-01-06,2018-02-09
412606,2152,32,1.486988847583643,32.879818594104307,2014-11-13,2018-02-09
400365,23398,346,1.47875886827934,32.653061224489797,1979-01-15,2018-02-09
412643,2104,31,1.4733840304182508,32.426303854875286,2015-01-06,2018-02-09
412280,6569,96,1.461409651392906,31.972789115646261,2009-01-06,2018-02-09
412284,6569,96,1.461409651392906,31.972789115646261,2009-01-06,2018-02-09
400403,13090,190,1.4514896867838043,31.746031746031743,1999-01-06,2018-02-09
412403,4914,71,1.444851444851445,31.519274376417233,2011-01-05,2018-02-09
412617,2104,30,1.4258555133079849,30.839002267573694,2015-01-06,2018-02-09
412661,2104,30,1.4258555133079849,30.839002267573694,2015-01-06,2018-02-09
412662,2104,30,1.4258555133079849,30.839002267573694,2015-01-06,2018-02-09
412686,779,11,1.4120667522464698,30.385487528344672,2017-01-03,2018-02-09
412689,779,11,1.4120667522464698,30.385487528344672,2017-01-03,2018-02-09
412534,1983,28,1.4120020171457388,30.158730158730158,2013-01-03,2018-02-09
412614,2104,29,1.3783269961977187,29.705215419501137,2015-01-06,2018-02-09
412631,2104,29,1.3783269961977187,29.705215419501137,2015-01-06,2018-02-09
412293,6569,89,1.35484853097884,29.478458049886619,2009-01-06,2018-02-09
400419,13090,177,1.3521772345301757,29.251700680272108,1999-01-06,2018-02-09
400175,10880,145,1.3327205882352942,29.024943310657598,2003-01-07,2018-02-09
412523,3308,44,1.3301088270858523,28.571428571428569,2013-01-03,2018-02-09
412572,3308,44,1.3301088270858523,28.571428571428569,2013-01-03,2018-02-09
412738,456,6,1.3157894736842104,28.344671201814059,2017-06-26,2018-02-09
412613,2104,27,1.2832699619771863,28.117913832199548,2015-01-06,2018-02-09
412485,4914,63,1.282051282051282,27.89115646258503,2011-01-05,2018-02-09
412212,8445,108,1.2788632326820604,27.66439909297052,2007-01-04,2018-02-09
412193,8445,107,1.2670219064535229,27.437641723356009,2007-01-04,2018-02-09
412405,4914,62,1.2617012617012617,27.210884353741498,2011-01-05,2018-02-09
412399,4914,61,1.2413512413512413,26.984126984126984,2011-01-05,2018-02-09
412571,3308,41,1.2394195888754533,26.75736961451247,2013-01-03,2018-02-09
400361,11876,147,1.2377905018524755,26.530612244897959,2001-01-03,2018-02-09
412394,4914,60,1.221001221001221,26.077097505668934,2011-01-05,2018-02-09
412422,4914,60,1.221001221001221,26.077097505668934,2011-01-05,2018-02-09
412644,2104,25,1.188212927756654,25.850340136054424,2015-01-06,2018-02-09
412255,7284,86,1.1806699615595826,25.623582766439913,2007-12-13,2018-02-09
412416,4914,58,1.1803011803011803,25.170068027210885,2011-01-05,2018-02-09
412421,4914,58,1.1803011803011803,25.170068027210885,2011-01-05,2018-02-09
412538,3308,39,1.1789600967351874,24.489795918367346,2013-01-03,2018-02-09
412537,3308,39,1.1789600967351874,24.489795918367346,2013-01-03,2018-02-09
412579,3308,39,1.1789600967351874,24.489795918367346,2013-01-03,2018-02-09
412213,6790,80,1.1782032400589102,24.263038548752835,2007-01-04,2018-02-09
412722,779,9,1.1553273427471118,24.036281179138321,2017-01-03,2018-02-09
400116,18575,214,1.152086137281292,23.809523809523807,1989-01-03,2018-02-09
412513,3308,38,1.1487303506650544,23.582766439909296,2013-01-03,2018-02-09
412217,8445,97,1.148608644168147,23.356009070294785,2007-01-04,2018-02-09
412623,2104,24,1.1406844106463878,23.129251700680271,2015-01-06,2018-02-09
400371,14277,161,1.1276878896126636,22.90249433106576,1997-01-07,2018-02-09
412427,4914,54,1.098901098901099,22.448979591836736,2011-01-05,2018-02-09
412476,4914,54,1.098901098901099,22.448979591836736,2011-01-05,2018-02-09
412388,5223,57,1.0913268236645606,22.222222222222221,2010-06-14,2018-02-09
412569,3308,36,1.0882708585247884,21.995464852607711,2013-01-03,2018-02-09
412564,3308,35,1.0580411124546554,21.768707482993197,2013-01-03,2018-02-09
412654,2104,22,1.0456273764258555,21.541950113378686,2015-01-06,2018-02-09
400663,9596,100,1.0421008753647354,21.315192743764172,2005-03-10,2018-02-09
412596,3111,32,1.0286081645773062,21.088435374149661,2013-06-05,2018-02-09
412516,3308,34,1.0278113663845223,20.634920634920633,2013-01-03,2018-02-09
412553,3308,34,1.0278113663845223,20.634920634920633,2013-01-03,2018-02-09
412710,779,8,1.0269576379974326,19.727891156462583,2017-01-03,2018-02-09
412682,779,8,1.0269576379974326,19.727891156462583,2017-01-03,2018-02-09
412684,779,8,1.0269576379974326,19.727891156462583,2017-01-03,2018-02-09
412718,779,8,1.0269576379974326,19.727891156462583,2017-01-03,2018-02-09
412466,4914,50,1.0175010175010175,19.501133786848072,2011-01-05,2018-02-09
412609,2104,21,0.9980988593155894,18.820861678004537,2015-01-06,2018-02-09
412632,2104,21,0.9980988593155894,18.820861678004537,2015-01-06,2018-02-09
412639,2104,21,0.9980988593155894,18.820861678004537,2015-01-06,2018-02-09
412292,6569,65,0.9894961181306134,18.594104308390023,2009-01-06,2018-02-09
400238,21310,209,0.980760206475833,18.367346938775512,1983-01-03,2018-02-09
412677,826,8,0.9685230024213075,18.140589569160998,2016-11-14,2018-02-09
412608,2104,20,0.9505703422053232,17.913832199546487,2015-01-06,2018-02-09
412501,3930,37,0.94147582697201,17.687074829931973,2012-02-07,2018-02-09
412515,3308,31,0.9371221281741233,17.006802721088434,2013-01-03,2018-02-09
412524,3308,31,0.9371221281741233,17.006802721088434,2013-01-03,2018-02-09
412557,3308,31,0.9371221281741233,17.006802721088434,2013-01-03,2018-02-09
400404,15617,146,0.934878657872831,16.780045351473923,1995-01-04,2018-02-09
412271,6569,60,0.9133810321205663,16.553287981859409,2009-01-06,2018-02-09
412539,3308,30,0.9068923821039904,16.326530612244898,2013-01-03,2018-02-09
412625,2104,19,0.9030418250950569,16.099773242630384,2015-01-06,2018-02-09
412698,779,7,0.8985879332477535,15.419501133786847,2017-01-03,2018-02-09
412708,779,7,0.8985879332477535,15.419501133786847,2017-01-03,2018-02-09
412732,779,7,0.8985879332477535,15.419501133786847,2017-01-03,2018-02-09
412317,6569,59,0.8981580149185567,15.192743764172336,2009-01-06,2018-02-09
412541,3308,29,0.8766626360338573,14.965986394557824,2013-01-03,2018-02-09
412653,2104,18,0.8555133079847909,14.73922902494331,2015-01-06,2018-02-09
412278,6569,56,0.8524889633125285,14.285714285714285,2009-01-06,2018-02-09
412303,6569,56,0.8524889633125285,14.285714285714285,2009-01-06,2018-02-09
412520,3308,28,0.8464328899637243,13.83219954648526,2013-01-03,2018-02-09
412574,3308,28,0.8464328899637243,13.83219954648526,2013-01-03,2018-02-09
412257,5538,46,0.8306247742867461,13.605442176870749,2008-03-11,2018-02-09
412272,6569,54,0.8220429289085097,13.378684807256235,2009-01-06,2018-02-09
412634,2104,17,0.8079847908745247,12.925170068027212,2015-01-06,2018-02-09
412635,2104,17,0.8079847908745247,12.925170068027212,2015-01-06,2018-02-09
412465,4914,39,0.7936507936507936,12.698412698412698,2011-01-05,2018-02-09
412430,4914,38,0.7733007733007733,12.471655328798185,2011-01-05,2018-02-09
400154,16739,129,0.7706553557560188,12.244897959183673,1993-01-05,2018-02-09
412719,779,6,0.7702182284980745,11.564625850340136,2017-01-03,2018-02-09
412720,779,6,0.7702182284980745,11.564625850340136,2017-01-03,2018-02-09
412726,779,6,0.7702182284980745,11.564625850340136,2017-01-03,2018-02-09
412512,3308,25,0.7557436517533254,11.337868480725625,2013-01-03,2018-02-09
412482,4914,36,0.7326007326007326,11.111111111111111,2011-01-05,2018-02-09
412463,4914,35,0.7122507122507122,10.884353741496598,2011-01-05,2018-02-09
412487,4914,34,0.6919006919006919,10.657596371882086,2011-01-05,2018-02-09
412503,3363,22,0.6541778174249182,10.430839002267573,2012-11-15,2018-02-09
412688,779,5,0.6418485237483954,9.7505668934240362,2017-01-03,2018-02-09
412695,779,5,0.6418485237483954,9.7505668934240362,2017-01-03,2018-02-09
412731,779,5,0.6418485237483954,9.7505668934240362,2017-01-03,2018-02-09
412736,468,3,0.641025641025641,9.2970521541950113,2017-06-21,2018-02-09
412740,156,1,0.641025641025641,9.2970521541950113,2017-11-13,2018-02-09
412319,6564,42,0.6398537477148081,9.0702947845804989,2009-01-06,2018-02-09
412675,1117,7,0.6266786034019696,8.8435374149659864,2016-06-09,2018-02-09
412633,2104,13,0.6178707224334601,8.616780045351474,2015-01-06,2018-02-09
412295,6569,40,0.6089206880803775,8.3900226757369616,2009-01-06,2018-02-09
412505,3363,20,0.5947071067499257,8.1632653061224492,2012-11-15,2018-02-09
412583,3308,19,0.5743651753325272,7.9365079365079358,2013-01-03,2018-02-09
412611,2104,12,0.5703422053231939,7.4829931972789119,2015-01-06,2018-02-09
412641,2104,12,0.5703422053231939,7.4829931972789119,2015-01-06,2018-02-09
400071,13962,77,0.551496920212004,7.2562358276643995,1995-01-04,2018-02-09
412570,3308,18,0.5441354292623942,7.029478458049887,2013-01-03,2018-02-09
412646,2104,11,0.5228136882129277,6.8027210884353746,2015-01-06,2018-02-09
412724,779,4,0.5134788189987163,6.5759637188208613,2017-01-03,2018-02-09
412256,7284,37,0.5079626578802856,6.3492063492063489,2007-12-13,2018-02-09
400643,9659,49,0.507298892224868,6.1224489795918364,2005-01-04,2018-02-09
412676,826,4,0.48426150121065376,5.895691609977324,2016-11-14,2018-02-09
412630,2104,10,0.4752851711026616,5.6689342403628125,2015-01-06,2018-02-09
400648,9659,45,0.4658867377575318,5.4421768707482991,2005-01-04,2018-02-09
412460,4914,21,0.4273504273504274,5.2154195011337867,2011-01-05,2018-02-09
412683,779,3,0.38510911424903727,4.7619047619047619,2017-01-03,2018-02-09
412721,779,3,0.38510911424903727,4.7619047619047619,2017-01-03,2018-02-09
412674,1608,6,0.3731343283582089,4.5351473922902494,2015-09-17,2018-02-09
412735,557,2,0.3590664272890485,4.308390022675737,2017-04-25,2018-02-09
412610,2104,7,0.3326996197718631,3.8548752834467117,2015-01-06,2018-02-09
412648,2104,7,0.3326996197718631,3.8548752834467117,2015-01-06,2018-02-09
400414,19514,62,0.317720610843497,3.6281179138321997,1987-01-06,2018-02-09
412700,779,2,0.25673940949935814,2.2675736961451247,2017-01-03,2018-02-09
412701,779,2,0.25673940949935814,2.2675736961451247,2017-01-03,2018-02-09
412702,779,2,0.25673940949935814,2.2675736961451247,2017-01-03,2018-02-09
412704,779,2,0.25673940949935814,2.2675736961451247,2017-01-03,2018-02-09
412712,779,2,0.25673940949935814,2.2675736961451247,2017-01-03,2018-02-09
412714,779,2,0.25673940949935814,2.2675736961451247,2017-01-03,2018-02-09
400244,15617,30,0.19209835435743103,2.0408163265306123,1995-01-04,2018-02-09
412685,779,1,0.12836970474967907,1.3605442176870748,2017-01-03,2018-02-09
412711,779,1,0.12836970474967907,1.3605442176870748,2017-01-03,2018-02-09
412713,779,1,0.12836970474967907,1.3605442176870748,2017-01-03,2018-02-09
412290,6569,4,0.06089206880803775,1.1337868480725624,2009-01-06,2018-02-09
412438,4914,1,0.02035002035002035,0.90702947845804993,2011-01-05,2018-02-09
412402,4914,0,0.0,0.0,2011-01-05,2018-02-09
412709,779,0,0.0,0.0,2017-01-03,2018-02-09
412737,456,0,0.0,0.0,2017-06-26,2018-02-09
412628,2104,0,0.0,0.0,2015-01-06,2018-02-09
