vote_id,vote_url,outliers
118868,/congress/votes/115-2017/h6,400209 412438 412503
118870,/congress/votes/115-2017/s1,412492
118871,/congress/votes/115-2017/h7,412509
118876,/congress/votes/115-2017/h8,412714 412509
118882,/congress/votes/115-2017/h9,400209 412199
118878,/congress/votes/115-2017/h10,400209
118874,/congress/votes/115-2017/h11,412209 400233 400651 408211 400402 412686 400209 400114 400403 400116 412438 412537 412532 400030
118883,/congress/votes/115-2017/h12,400316
118881,/congress/votes/115-2017/h13,412648 412649 412721 412722 400344 400316
118885,/congress/votes/115-2017/h14,400344 400209 412215
118875,/congress/votes/115-2017/h15,400316
118888,/congress/votes/115-2017/h16,400648 400209 412648
118886,/congress/votes/115-2017/h18,400033 400209 412403 400116 400244 400380
118877,/congress/votes/115-2017/h20,412663 412405 412487
118884,/congress/votes/115-2017/h21,400244 412722 400004 400380
118873,/congress/votes/115-2017/h23,400657 400316
118889,/congress/votes/115-2017/s3,412679 412491 412492 400408 400284 412671
118891,/congress/votes/115-2017/s4,412218
118894,/congress/votes/115-2017/h26,400211
118896,/congress/votes/115-2017/s5,300089 300002
118900,/congress/votes/115-2017/h29,412512 412514 412715 412517 400209 400618 412523 412509 400081 412682 412308 412534 412647 412632 400218 412282
118899,/congress/votes/115-2017/h30,412514 412694 412647 400618 412523 412685 412509 400081 412682 412308 412693 412534 412632 400218 412315 400124 412282
118898,/congress/votes/115-2017/h31,400160 400291 400075 400047 400402 400371 412532 412379 412221 400639
118902,/congress/votes/115-2017/h33,412509 412438
118901,/congress/votes/115-2017/h34,412226 412395 412485 412712 400651 400652 412397 412619 400209 412419 412661 412438 412503 412569 412283 412605 400607
118909,/congress/votes/115-2017/h35,412192 400618 400316
118911,/congress/votes/115-2017/h36,412544 412552 412426 412557 400654 412192 400422 412327 412721 400309 412682 412725 400211 400341 400087 412282 412510 412511 412257 412388 412523 412532 400122
118912,/congress/votes/115-2017/h37,400656 400209 412186 400316
118910,/congress/votes/115-2017/h38,400209
118908,/congress/votes/115-2017/h39,400316
118905,/congress/votes/115-2017/h40,400209 412627 400316
118913,/congress/votes/115-2017/h41,412290 412487 400209 412627 412405 412662 412663 400316
118914,/congress/votes/115-2017/h42,400316
118907,/congress/votes/115-2017/h43,400618 400316 412509
118904,/congress/votes/115-2017/h45,400618 412315 412694
118918,/congress/votes/115-2017/s10,412218 400061 400325
118933,/congress/votes/115-2017/s13,400325
118932,/congress/votes/115-2017/s14,412218
118923,/congress/votes/115-2017/s15,412218
118927,/congress/votes/115-2017/s16,412671 412492 412573 412495
118931,/congress/votes/115-2017/s18,412218
118929,/congress/votes/115-2017/s19,300048 300052
118928,/congress/votes/115-2017/s20,400272 400546 400134 300071 400040 412492 412391 300076 412495 300048 412598 412679 412573
118926,/congress/votes/115-2017/s22,412391
118925,/congress/votes/115-2017/s23,412218
118930,/congress/votes/115-2017/s25,412218
118924,/congress/votes/115-2017/s26,412492
118935,/congress/votes/115-2017/s27,412244 400413 412533
118943,/congress/votes/115-2017/h46,400209
118937,/congress/votes/115-2017/h47,400209 412523 412509
118942,/congress/votes/115-2017/h48,400209 412721
118939,/congress/votes/115-2017/h49,400648 400209 412486 412721
118941,/congress/votes/115-2017/h50,400209 412627 400116
118936,/congress/votes/115-2017/h51,412715 412517 412714 412523 412717 400209 412315 412509 400030
118938,/congress/votes/115-2017/h52,400209 412511 412199
118944,/congress/votes/115-2017/h54,400363 400657 412714 412523 412717 400209 412509 400030
118947,/congress/votes/115-2017/h57,400417 412516 412257 412682 412523 412557 412272 412308 400245 412615 412647 412695 412505 412282 412254
118949,/congress/votes/115-2017/h58,412419 412721 412295 400648 412649 400209 412643 412438 412503
118948,/congress/votes/115-2017/h59,400352 412192 400100 412657 412682 412236 412557 412685 412272 412632 412562 408211 400309 412438 412435 412516 412186 412571 400124 412606
118953,/congress/votes/115-2017/s29,412223
118951,/congress/votes/115-2017/s30,300100 412678 412681 412598 412281 400413 400415
118952,/congress/votes/115-2017/s31,300100 400413 412598
118955,/congress/votes/115-2017/h60,412419 412226 400651 412438 412503
118956,/congress/votes/115-2017/s32,412680 300043 412492 300081 412247 300087 412507
118958,/congress/votes/115-2017/h63,400316 400630
118959,/congress/votes/115-2017/h65,400657 400630
118961,/congress/votes/115-2017/s33,412281 400357 412390 400413
118964,/congress/votes/115-2017/s34,412321
118962,/congress/votes/115-2017/h67,412713 400209 400116 412438 412503 412217 412605 400607
118965,/congress/votes/115-2017/s35,412598 412542 300087
118966,/congress/votes/115-2017/h68,400316
118970,/congress/votes/115-2017/s36,412321
118971,/congress/votes/115-2017/s37,412321
118972,/congress/votes/115-2017/s38,400272 412554
118975,/congress/votes/115-2017/s39,412554 300038
118973,/congress/votes/115-2017/h72,400160 412580 412721 400657 400380 400209 412725 400348
118974,/congress/votes/115-2017/h73,412486 400618 412621 412721 400244 412633 400344 400660 400380 400030 400607
118977,/congress/votes/115-2017/s41,412243
118978,/congress/votes/115-2017/s42,412243
118983,/congress/votes/115-2017/s43,412243
118982,/congress/votes/115-2017/h76,400344 400657 400618 412688
118984,/congress/votes/115-2017/h77,412672 412682 400657 412214 400218 400219 412509 400030
118993,/congress/votes/115-2017/h78,412721 412648 412649 400618 412651 412621 412719 400657 412466 400660 400344 412698 400607
118996,/congress/votes/115-2017/s53,400432 412218 412491
118994,/congress/votes/115-2017/h79,412438
119000,/congress/votes/115-2017/s55,412391
119002,/congress/votes/115-2017/h83,412290 412721 400244 412315 400380 412509
119003,/congress/votes/115-2017/h84,412466
119001,/congress/votes/115-2017/h85,412192 412584 412682 412509 412694
119005,/congress/votes/115-2017/s56,400408 400432 412491
119008,/congress/votes/115-2017/s59,412391
119011,/congress/votes/115-2017/h86,412438
119015,/congress/votes/115-2017/s65,412281 412378 412490 400413
119020,/congress/votes/115-2017/h92,400160 412576 412579 412580 400199 412714 412523 400204 400653 400111 412725 412697 412575
119027,/congress/votes/115-2017/h95,400344 400657
119025,/congress/votes/115-2017/h96,400344 400209 412536 400657
119026,/congress/votes/115-2017/h97,400344 400081 412315 400630
119028,/congress/votes/115-2017/s68,300071
119029,/congress/votes/115-2017/s69,412554
119030,/congress/votes/115-2017/h98,412672 412611 412580 412721 412643 400660 412725 400244 400218 400219 400380 400414
119031,/congress/votes/115-2017/h99,400648 400316 400630 412719
119034,/congress/votes/115-2017/s72,412680 412681 412507 300043 412391
119037,/congress/votes/115-2017/h100,412438
119039,/congress/votes/115-2017/s73,400050 412507 412391
119038,/congress/votes/115-2017/s74,412681 412194 300043
119036,/congress/votes/115-2017/h102,412416 412417 412419 412552 412683 400652 400655 400656 412675 412437 412438 412567 412655 412572 400157 412574 412653 412463 400052 412213 400440 412729 412477 412480 412226 400068 412485 412619 412624 412627 412630 412503 412634 400220 412510 412650 412525 412605 412661 412662 412410 412309
119040,/congress/votes/115-2017/h104,412509
119042,/congress/votes/115-2017/h105,412513 412674 412683 412261 412702 412712 400297 412650 412619 412724 412690 412468 412670 412503 412217 400411 412700 412729 412190 412703
119045,/congress/votes/115-2017/h106,412523 400618 412715 412717 412694 412682
119044,/congress/votes/115-2017/h107,400618 400244 412717 400199
119043,/congress/votes/115-2017/h108,400618 400380 400343
119046,/congress/votes/115-2017/s75,412681 400050 300100 412194
119047,/congress/votes/115-2017/s76,400064 300081 400050 400272
119053,/congress/votes/115-2017/h109,400618
119052,/congress/votes/115-2017/h110,400344 400618 400316
119050,/congress/votes/115-2017/h111,400077 412654 400209 412568 400247 400440
119055,/congress/votes/115-2017/h112,400209 400244 412721 412628
119054,/congress/votes/115-2017/h114,412683 412715 400618 400651 412717 400209 412690 412714 412694 412503 412315 412682 400350
119049,/congress/votes/115-2017/h116,412509
119059,/congress/votes/115-2017/h117,412192 412516 412519 412716 412682 412523 412236 412557 412657 412532 412615 400663 412632 412612 412282 400347
119058,/congress/votes/115-2017/h118,400081 400316 400209
119056,/congress/votes/115-2017/h119,400209
119060,/congress/votes/115-2017/h120,400081 400618 412714 412694 412717
119057,/congress/votes/115-2017/h121,412672 412580 412523 400657 400244 400440 400344 400219 400380 412509
119065,/congress/votes/115-2017/s77,400050
119063,/congress/votes/115-2017/s78,400064 412681 300093
119061,/congress/votes/115-2017/h122,400081 400618 400316
119062,/congress/votes/115-2017/h123,400163 412516 412616 412682 412523 412716 412725 400343 412612 412282 412575
119066,/congress/votes/115-2017/h124,400209 400081 400116 400406 412215 400218 400251 400316 400414 412703
119067,/congress/votes/115-2017/h125,400209 400316
119064,/congress/votes/115-2017/h126,400163 412682 412715 412685 412688 400081 412694 400343 412697 400030
119068,/congress/votes/115-2017/s79,412681 300093 300078
119072,/congress/votes/115-2017/h127,412503 400607
119073,/congress/votes/115-2017/h128,400209 412509
119078,/congress/votes/115-2017/s83,412681
119077,/congress/votes/115-2017/h129,400209
119079,/congress/votes/115-2017/h130,412682
119075,/congress/votes/115-2017/h131,400209
119076,/congress/votes/115-2017/h132,400033 400290 400163 412514 412595 400417 412520 400364 400653 400347 400379 400080 400259 400245 412219 412571 400251 412511 412254 412501
119074,/congress/votes/115-2017/h133,412544 400209 412714 400081 412438 412503 412697 412282
119080,/congress/votes/115-2017/h134,400417 400364 400245 412215 400347 412511
119082,/congress/votes/115-2017/h135,400033 400290 400259 400417 412682 400364 400653 412571 412685 412500 400347 412511
119081,/congress/votes/115-2017/h136,412258 412315 400100 400101 412503 412730 412718 412239 400209 412308 400403 400116 412438 400343 412708 400308 412543 400251 400093 400063
119083,/congress/votes/115-2017/h137,412416 412553 412426 400651 400652 400141 412438 412574 412461 412215 412601 412475 412226 412611 412727 400077 412625 400220 400380 412653 412662 400376 412410 412540
119084,/congress/votes/115-2017/s84,400325
119092,/congress/votes/115-2017/h140,400344 400209 412650 412438
119089,/congress/votes/115-2017/h141,412650 412621 400366 400209 412438 412311 400344
119093,/congress/votes/115-2017/h142,400344 400209 412650 412621 412438
119097,/congress/votes/115-2017/h143,400209 412650 412621 412719
119090,/congress/votes/115-2017/h144,400209 412650 412621 412721 412719
119100,/congress/votes/115-2017/h145,412487 412650 412621 400209 400244 400344
119098,/congress/votes/115-2017/h146,412650 400108 412621 412719 400209 400344
119088,/congress/votes/115-2017/h147,400209
119091,/congress/votes/115-2017/h148,412487 400652 412650 400108 412621 412719 400209 412466 400116 400341 412438 412503 400344 400244
119099,/congress/votes/115-2017/h149,400160 400209 400344 412621
119096,/congress/votes/115-2017/h150,400344 400209 412621 412309 412485
119094,/congress/votes/115-2017/h151,400209
119095,/congress/votes/115-2017/h152,412485 412650 400108 412621 400209 400116 412438 412503 400344 400607
119101,/congress/votes/115-2017/h153,400344 412650 400618 412621
119105,/congress/votes/115-2017/h154,400344 412650 400618 412485 412621
119102,/congress/votes/115-2017/h155,400344 412721 412650 412485 412621
119103,/congress/votes/115-2017/h156,400344 412721 400244 412621
119104,/congress/votes/115-2017/h158,412485 412650 400652 412621 400657 412724 400618
119109,/congress/votes/115-2017/s88,300100 412678 412492 400013 412533 412598
119110,/congress/votes/115-2017/s89,300100 412678 412492 400013 412533 412598 400413
119111,/congress/votes/115-2017/s90,412200 412243 412678 412598 300087
119114,/congress/votes/115-2017/h159,412438
119112,/congress/votes/115-2017/h161,400209
119116,/congress/votes/115-2017/h162,400209
119115,/congress/votes/115-2017/h164,412480 412551 412426 412397 400313 412574
119119,/congress/votes/115-2017/h165,412487 412649 400077 400209 400244 400440 400380
119120,/congress/votes/115-2017/h166,400416 412509 412575
119118,/congress/votes/115-2017/h167,400209 412627
119121,/congress/votes/115-2017/h168,412576 400618 412523 400657 412682 412714 400244 412694 400440 412532 400380 412509 412575
119122,/congress/votes/115-2017/h169,400160 412672 412290 412580 412688 412532 412725 412214 400030
119124,/congress/votes/115-2017/h170,412581 400652 412690 400654 412434 400341 412727 412569
119127,/congress/votes/115-2017/h175,400209
119132,/congress/votes/115-2017/h176,412661
119131,/congress/votes/115-2017/h177,412697
119130,/congress/votes/115-2017/h178,400170 400290
119138,/congress/votes/115-2017/h182,400209
119137,/congress/votes/115-2017/h183,400209 412627
119139,/congress/votes/115-2017/h184,412612 400422 412327 412584 400170 412644 400379
119142,/congress/votes/115-2017/h185,400209 400116
119141,/congress/votes/115-2017/h186,400657 412714 412315 400316
119140,/congress/votes/115-2017/h187,400209 412690 412438 412503 412729 400607
119144,/congress/votes/115-2017/s95,400272 412391
119146,/congress/votes/115-2017/s96,400272 412391
119148,/congress/votes/115-2017/h189,400209 412628 412438 412503
119150,/congress/votes/115-2017/h192,412395 400651 412397 400209 412438 412503
119152,/congress/votes/115-2017/h194,412480 400289 412641 412550 412525 412444 412426 412551 412460 400141 412397 400080 412213 412310 412585 400313 400378 412379 412284 412541 412574
119155,/congress/votes/115-2017/s97,412492 412495
119156,/congress/votes/115-2017/h196,412611 412552 412397 412525 400209 412690 412438 412503 412729 412283 400607
119160,/congress/votes/115-2017/h198,400618
119158,/congress/votes/115-2017/h199,400211
119162,/congress/votes/115-2017/s98,412492 412495
119161,/congress/votes/115-2017/h201,400209
119163,/congress/votes/115-2017/h202,412675 412646 412486 412295 412648 412395 412430 412271 400209 400116 412438 412631 400660 412719 400607
119164,/congress/votes/115-2017/h203,400209
119165,/congress/votes/115-2017/h204,412215
119166,/congress/votes/115-2017/h205,400209
119167,/congress/votes/115-2017/h206,412648 400618 412651 412621 412719 412721 400344 400607
119168,/congress/votes/115-2017/s99,412248
119169,/congress/votes/115-2017/h207,400209 412509
119170,/congress/votes/115-2017/h208,412648 412651 412621 412721 400344 412315
119173,/congress/votes/115-2017/s102,400064 412194 300100 412391 300075 300076 400272 300025 400415
119174,/congress/votes/115-2017/h209,400209 412438 412503
119175,/congress/votes/115-2017/h210,412503
119176,/congress/votes/115-2017/s103,412678 412681 412533 412598 412281 400413
119180,/congress/votes/115-2017/h212,412714 412509
119181,/congress/votes/115-2017/s104,412330
119177,/congress/votes/115-2017/h213,400209
119179,/congress/votes/115-2017/h214,412544 412682 412523 412717 412509 412714 412534 400618
119182,/congress/votes/115-2017/h216,412689 412396 400170 412236 400402 400047 412685 400209 400114 412532 412725 412696 412697 400314 412682 412716
119184,/congress/votes/115-2017/h217,400209
119185,/congress/votes/115-2017/h218,400618 412523 412509 412534 412697 412714
119186,/congress/votes/115-2017/h219,400209
119187,/congress/votes/115-2017/h220,400417 412644 412613 400422 412199 400653 400240 400211 412708 412730 412677 412511
119188,/congress/votes/115-2017/h221,400249 412438 400063
119189,/congress/votes/115-2017/s105,300072 412330
119196,/congress/votes/115-2017/s112,400272 300100 412678 412598
119197,/congress/votes/115-2017/s113,412678 412681 412490 412598 412542 412223
119198,/congress/votes/115-2017/s114,412681 412490 412678 412598 412542
119199,/congress/votes/115-2017/h222,400209 412503
119201,/congress/votes/115-2017/s115,400272 412681 412205
119203,/congress/votes/115-2017/h224,400209
119202,/congress/votes/115-2017/h225,412697 412714 412557 412534 412717
119206,/congress/votes/115-2017/h226,412690 412731 412327 412426 400402 400047 412432 400114 400245 412438 412472 412661 400350 400063
119205,/congress/votes/115-2017/h227,400259 412652 412686 412432 412520 400402 400403 412308 412565 400663 412571 412506 400030 400033 412644 412199 412715 400047 412212 412728 400314 412219 412606 400063 412613 400326 412688 400075 400209 412503 412505 400090 400350 412511 400352 400097 412259 400100 400101 400360 412327 400364 412272 400616 400114 400245 412607 400124
119207,/congress/votes/115-2017/h229,400209
119209,/congress/votes/115-2017/h230,412714 412717 400209 412438 412503 412509
119208,/congress/votes/115-2017/h231,400033 400245 412613
119211,/congress/votes/115-2017/h232,412536 412410 412309 412690 412621
119213,/congress/votes/115-2017/s116,400272 412681 412205
119214,/congress/votes/115-2017/h235,412715 412682 412523 412717 412509 412714 412693 412534 412697 400618
119215,/congress/votes/115-2017/h236,412558 400365 412690 412729 412438 412567 412703 400416 400163 412580 412653 412462 400313 412255 412477 400206 400209 412195 412503 412644 400220 400350 412517 400100 400101 412652 400237 412221 400240 412662
119218,/congress/votes/115-2017/s117,412680 412323 412205
119216,/congress/votes/115-2017/h237,400289 412511
119222,/congress/votes/115-2017/h240,400209
119220,/congress/votes/115-2017/h241,412438 412503
119225,/congress/votes/115-2017/h243,412627
119226,/congress/votes/115-2017/s118,412323 412205
119224,/congress/votes/115-2017/h244,412643 412721 412466 400244 412566 400380
119227,/congress/votes/115-2017/s119,412428
119229,/congress/votes/115-2017/h246,400209
119228,/congress/votes/115-2017/h247,400630 400618 400081 412714 412693 412534 412682
119233,/congress/votes/115-2017/h249,412576 400162 400163 412580 412517 412711 412616 412617 412522 412706 412718 412687 412688 412724 412732 412438 412215 412612 400316 400350 412703
119234,/congress/votes/115-2017/s120,412248 412428
119237,/congress/votes/115-2017/h252,400209
119236,/congress/votes/115-2017/h253,400209
119235,/congress/votes/115-2017/h254,412550 412551 412553 412426 400652 400141 412430 412437 412569 412317 400289 412635 412585 400170 412460 412462 412215 412480 412609 412226 412526 412487 412622 400209 412627 400341 412379 412639 412641 412515 412388 412520 412653 400366 412271 412531 412405 412536 412284
119240,/congress/votes/115-2017/h256,412672 412290 412683 412486 400648 412649 412651 412658 412654 412271 400209 412466 400244 412566 412503 400660 400411 400380
119241,/congress/votes/115-2017/h257,412503
119243,/congress/votes/115-2017/s122,400050 300038
119242,/congress/votes/115-2017/s123,412330 300019 412390 300078
119244,/congress/votes/115-2017/s124,412330 300019 412390 300078
119245,/congress/votes/115-2017/s125,300071 300047
119246,/congress/votes/115-2017/s126,412281 412671 400413 412678 300071
119247,/congress/votes/115-2017/s127,412678 300071 412406 300087 300025 412671
119248,/congress/votes/115-2017/s128,412305 412582
119249,/congress/votes/115-2017/s129,412305 412582
119250,/congress/votes/115-2017/h258,400209 412438 412503
119253,/congress/votes/115-2017/h259,400209
119252,/congress/votes/115-2017/h260,412682 412694
119254,/congress/votes/115-2017/h261,400209
119255,/congress/votes/115-2017/h262,412438
119257,/congress/votes/115-2017/s132,412678 400013 412305 412533 412598 300093
119258,/congress/votes/115-2017/h263,400209
119259,/congress/votes/115-2017/h264,412682 412714 400309
119261,/congress/votes/115-2017/h265,400641 412195 412710 412385 400361 412682 412331 412685 412560 412562 412725 412438 412503 412695 400249 412571 400380 412382 412575
119260,/congress/votes/115-2017/h266,400170
119263,/congress/votes/115-2017/h267,412192 412580 412485 400209 412694 412714 400271 412309 400081 400309 412438 412503 412662 412186 412239 400316 412282 400607
119262,/congress/votes/115-2017/h268,412544 400641 412675 412676 412673 412552 412426 412503 412717 412688 412562 400403 412309 412438 412567 412569 412186 412571 412702 412191 412192 412193 400291 412580 412199 412715 412540 412596 400309 412729 400607 412605 412609 412226 412485 412624 400209 400211 412697 400343 412388 412382 412255 412259 400100 400230 400103 412284 412711 412652 412397 412682 412399 412435 400116 412405 412662 400249 412655 400124 412693
119266,/congress/votes/115-2017/s133,412305 412598 300093 412533 400013
119264,/congress/votes/115-2017/h269,412511 412613 400422 412199 412684 400075 400364 412327 412432 412657 412404 412438 412503 412728 412730 400379 400063
119265,/congress/votes/115-2017/h270,412511 412644 412613 400422 412199 400204 400075 400364 412327 412684 412432 412404 412718 412438 412503 412728 412730 400379 400063
119267,/congress/votes/115-2017/s134,412678 412598 412533 412542 412223
119268,/congress/votes/115-2017/h271,400209
119269,/congress/votes/115-2017/h272,400618 412509
119275,/congress/votes/115-2017/h274,400209
119273,/congress/votes/115-2017/h275,400209 400618
119274,/congress/votes/115-2017/h276,400618 412715 412688 412714 412693 412697 400218 412682
119277,/congress/votes/115-2017/s135,412678 412598 412533 412542 412223
119280,/congress/votes/115-2017/h279,412290 412566 412721 400618 412651 412682 400209 412466 408211 400244 412214 412315 400380 412202
119281,/congress/votes/115-2017/h280,412566 412721 400380 400618 412651 400209 408211 412214 412315 400316
119279,/congress/votes/115-2017/h281,400209 412315 400316
119278,/congress/votes/115-2017/h282,412258 412580 412721 412689 400616 412682 412396 412557 412239 412209 412562 408211 412382 412537 412505 412725 400030 412693
119283,/congress/votes/115-2017/h283,412512 412419 400618 412523 412685 412438 412315 412714
119282,/congress/votes/115-2017/h284,412576 412579 412517 412327 412684 400074 400075 400204 400623 412432 412657 400371 412438 412503 412728 412730 400639
119284,/congress/votes/115-2017/h285,400170 412438 412503
119287,/congress/votes/115-2017/s139,412194 412678 412681 300043 412492 412244 412218
119294,/congress/votes/115-2017/s140,412325 300038 300043 412492 300019 400413 412223
119292,/congress/votes/115-2017/h288,400209
119293,/congress/votes/115-2017/h290,400209 400316
119290,/congress/votes/115-2017/h291,400209 412435
119297,/congress/votes/115-2017/h292,400209 400316
119296,/congress/votes/115-2017/h293,412580 412694 400618 412715 400652 412682 400211 412725 412438 412714 400380 412509
119295,/congress/votes/115-2017/h294,400641 412514 412195 412644 400230 412327 412682 400271 412432 412689 412307 412565 412435 400249 412571 412579 412318 412725
119298,/congress/votes/115-2017/s141,412507 412678 412598 412223
119303,/congress/votes/115-2017/h295,400209 400657
119302,/congress/votes/115-2017/h296,400081 412714 400657 400209
119299,/congress/votes/115-2017/h297,400209 412725 400657
119300,/congress/votes/115-2017/h298,400209 400657
119301,/congress/votes/115-2017/h299,400209
119306,/congress/votes/115-2017/h300,412438
119304,/congress/votes/115-2017/h301,412438
119309,/congress/votes/115-2017/h302,400209
119310,/congress/votes/115-2017/s143,412321 412428 412492 412495 412243 300025 412218
119313,/congress/votes/115-2017/h305,400209 400116
119312,/congress/votes/115-2017/h306,400100 412682 400108 400657 400211 400249 400316 412509
119311,/congress/votes/115-2017/h307,412418 400355 412647 412522 400075 400204 412717 412718 412687 412432 412657 400402 412707 412728 400087 400440 400249 400122 400189 412606
119314,/congress/votes/115-2017/s144,412492 412495
119316,/congress/votes/115-2017/s145,300071 412490 300047 412665 412667 412671
119317,/congress/votes/115-2017/s147,412492
119318,/congress/votes/115-2017/h308,412524 412257 400100 412616 400364 412682 412523 412236 412558 412716 412516 412562 412211 412725 400249 412282 412219 412575
119320,/congress/votes/115-2017/s148,412507 412598 412542 412223
119319,/congress/votes/115-2017/s149,412678 412598 412542 412223
119322,/congress/votes/115-2017/h309,412419 412295 412619 412525 412683 412438 412605 400607
119321,/congress/votes/115-2017/h310,412608 412226 412419 412662 412653 400651 400652 412397 412619 412463 412683 400209 412690 412661 412438 412503 412729 412605 400607
119325,/congress/votes/115-2017/h311,400209
119323,/congress/votes/115-2017/h312,400209
119324,/congress/votes/115-2017/h313,412315 412509
119327,/congress/votes/115-2017/h314,400100 412583 400618 412523 412652 400047 412714 412606 412534 400218 412315 412682 400030
119326,/congress/votes/115-2017/h315,412514 400291 412725 412716 412682 412685 400653 400349 400245 412717 412219 412189 412501
119328,/congress/votes/115-2017/s150,412678 412598 412542 412223
119329,/congress/votes/115-2017/s151,400064 400013 300071
119331,/congress/votes/115-2017/h317,412697 400618 412714 412509 412534
119332,/congress/votes/115-2017/s152,412582 400013 412390 412533
119333,/congress/votes/115-2017/s153,412681 412218 300100 412678 412598
119335,/congress/votes/115-2017/h318,412721 400618 412462 412688 400657 400316
119334,/congress/votes/115-2017/h319,412649 400618 412688 412721 412562 400244 412438 400380 412714 400030
119336,/congress/votes/115-2017/h320,412673 412690 400651 400652 400656 412434 412309 412438 412569 412443 400029 412574 400052 412702 400313 412731 412477 412683 400209 412503 412255 412388 412655 412395 412525 412605 400018 412540 412541
119338,/congress/votes/115-2017/h321,412523 412516 412677 412575 412716 412682 400651 412524 412685 412731 412657 412690 412212 412438 400087 412695 412282 412219 412189 412319
119337,/congress/votes/115-2017/h322,400641 412419 412605 400651 400087 400271 412560 412561 412562 412438 412569 412655 412318 412319 400416 400289 412712 412717 412718 412221 412683 412612 400209 412503 400378 400607 412647 412395 412525 400366 400111 400246 400122 400251
119339,/congress/votes/115-2017/s154,412681 412218 412678 412598
119347,/congress/votes/115-2017/h328,400209 412683 400116 412503
119345,/congress/votes/115-2017/h330,412438
119352,/congress/votes/115-2017/h334,412675 400652 412688 400657 412309 412438 412569 400411 412715 400244 400316 412485 412621 412503 400344 400607 412512 412519 412650 412523 400108 400116 400380 412729
119355,/congress/votes/115-2017/h335,412512 412715 412721 412519 412523 412688 400657 400211 412698 412315 412509
119353,/congress/votes/115-2017/h337,412611 412485 412650 400651 400652 412621 412651 400209 412466 400116 412309 412438 412503 400344 412468 412410 412729 412724 412639
119356,/congress/votes/115-2017/s155,300019
119358,/congress/votes/115-2017/h339,400209
119359,/congress/votes/115-2017/h342,412672 412571 400108 412621 400657 400660 412438 400344 400219 400316
119362,/congress/votes/115-2017/h343,400209 412627
119361,/congress/votes/115-2017/h344,400641 412514 412259 400100 400230 412193 400233 412682 412524 412557 412435 412438 412697 412696 400249 412571 400349
119363,/congress/votes/115-2017/s156,300019
119366,/congress/votes/115-2017/h346,412641 412226 412485 412712 412683 412525 412655 400209 412434 412729 412438 412503 412662 412605 412574
119368,/congress/votes/115-2017/s159,412678 400413 412305 412598 412281 300093
119371,/congress/votes/115-2017/h348,400651
119370,/congress/votes/115-2017/h349,400651 412503
119373,/congress/votes/115-2017/h350,412611 412721 400648 412649 412303 400209 400244 412629 400343 400660 400380 412510
119372,/congress/votes/115-2017/h351,400209 412627
119374,/congress/votes/115-2017/h352,400163 412721 400657 400618 412525 400209 412438 412503 412729 400316 400607
119375,/congress/votes/115-2017/h353,412544 400291 400209 400402 412693 412214 400440
119376,/congress/votes/115-2017/s160,412678 400413 412305 412598 412281 300093
119378,/congress/votes/115-2017/h355,400081 412503 412438 400209
119381,/congress/votes/115-2017/h356,400640 412421 412555 412430 412303 400657 412309 400285 400158 400160 400419 412580 412713 412463 412596 412217 412475 412735 412611 412621 412627 412628 412629 412633 400220 412639 412513 412648 412393 412651 400364 400373 412539 412540
119382,/congress/votes/115-2017/h357,400417 412546 400355 400100 412689 412682 400075 412716 400365 412718 412239 400209 400371 400116 412725 400343 412212 412687
119379,/congress/votes/115-2017/h358,412512 412579 412694 400209 412715 412714 412523 412688 400081 400116 412534 412632 412509 412575
119386,/congress/votes/115-2017/h359,412682 412688 412562 412693 412438 412697 412186 400160 412580 412584 412715 412717 412725 412219 412615 412236 400209 412644 400349 412516 412519 400363 412396 400116
119383,/congress/votes/115-2017/h360,400160 400641 412715 412580 412682 412523 412652 412688 400081 412562 412714 412725 412438 412512 400122 412509
119387,/congress/votes/115-2017/h361,412290 412293 400209 412682 400365 412558 400081 412714 400116 412693 412438 412503 412662 400316 412509
119388,/congress/votes/115-2017/h362,412544 400641 412293 412682 412558 412693 412697 412444 412714 412717 412725 412612 400081 400220 412509 412385 412516 412519 400618 400363 412534 400379
119377,/congress/votes/115-2017/h363,412293 400209 400365 412558 400081 400116 412438 412503 412662
119384,/congress/votes/115-2017/h364,412258 412579 412293 400230 412615 412682 412523 412717 412558 412688 412562 412693 412438 400343 412695 412697 400122 400349
119394,/congress/votes/115-2017/h366,412421 412295 400648 412503 412308 412729 412567 412698 412443 409888 400417 412711 400440 400116 400199 412631 400089 412509 412651 400364 400365 412399 412657 400244 412534 412283 400380
119393,/congress/votes/115-2017/h367,400640 412421 400648 412303 400660 412566 409888 412196 412713 412217 412475 412735 412704 412621 412627 412628 412629 412580 400220 412639 412513 412648 412393 412651 400373 400380
119389,/congress/votes/115-2017/h368,400640 412290 412635 412421 412303 412656 412633 412500 412566 412567 412628 412271 412317 412190
119392,/congress/votes/115-2017/h369,409888 412513 412290 400196 412614 400648 412393 412621 412271 412648 412658 412403
119391,/congress/votes/115-2017/h370,412421 412422 400659 400406 400411 400285 409888 412202 412460 412461 412462 412465 412468 412469 400440 412487 412488 412629 412639 412513 412515 412660 400373 412566 400376 412283
119390,/congress/votes/115-2017/h371,412674 412675 412676 412421 412555 412430 400655 412690 412691 412567 412469 400406 412311 412698 412572 400414 412191 400297 412462 412465 412468 400158 400313 400373 412662 412487 400209 400340 412473 400344 412510 412255 412411 412394 412651 412526 412656 412402 412403 412405 412278 412500 412410 412283 412540 412729
119400,/congress/votes/115-2017/h372,412609 400419 412196 412658 400648 412621 412651 412461 412303 412466 412563 400660 412566 400440 412660 400411 412636 412650 400414 400607
119401,/congress/votes/115-2017/h373,412519 400349 412562 412438 400313 412509 400607
119398,/congress/votes/115-2017/h374,412385 412195 412580 412694 400199 412557 412649 400170 400204 400365 412721 400623 412529 400402 412522 412566 412695 412219 400380 400285 412382
119395,/congress/votes/115-2017/h375,412438
119397,/congress/votes/115-2017/h378,400291 400100 412485 412295 400651 412434 412718 400114 400403 400116 412729 412438 412503 412532 412580 412315 400371
119405,/congress/votes/115-2017/s161,412678 412598 412542 412223
119402,/congress/votes/115-2017/h381,400209 412503 412662 412438 400607
119406,/congress/votes/115-2017/s162,412678 412533 412598
119409,/congress/votes/115-2017/h383,400618
119408,/congress/votes/115-2017/h384,412308 412271
119411,/congress/votes/115-2017/h385,412721 400209 400660 412633 412698 400316 412509
119413,/congress/votes/115-2017/h386,400160 412714 412396 412621 412719 412725 412694 412215 400344 412698 412315 400030 400639
119414,/congress/votes/115-2017/h387,400160 412721 400648 400618 412621 412648 412682 400344 412698 412509
119412,/congress/votes/115-2017/h388,400160 400657 400618 412579 412725
119415,/congress/votes/115-2017/h389,400344 400657 412509 412621
119410,/congress/votes/115-2017/h390,400209 412627 400316
119416,/congress/votes/115-2017/h391,412648 400618 412621 400660 412633 400244 400380 400030 400607
119420,/congress/votes/115-2017/h392,400209
119419,/congress/votes/115-2017/h393,400209
119418,/congress/votes/115-2017/h394,412438 412503
119423,/congress/votes/115-2017/h395,400160 412579 412580 400618 412236 400047 412688 400660 412725 400348
119424,/congress/votes/115-2017/h396,400160 412579 412580 400618 400047 400114 412693 412606 412725
119422,/congress/votes/115-2017/h397,400209 400116
119425,/congress/votes/115-2017/h398,400160 412432 412579 412580 412688 400199 400232 400618 400047 400080 412606 400030 412725
119427,/congress/votes/115-2017/h399,400160 400352 412579 412580 412652 400047 412721 412725 412606
119426,/congress/votes/115-2017/h400,412485 412714 412434 400154 400316 400618
119428,/congress/votes/115-2017/h401,400160 400209 400618 412315
119421,/congress/votes/115-2017/h402,400160 412290 412580 412682 412652 400047 412688 412725 412606
119429,/congress/votes/115-2017/h403,412675 400651 400653 400087 412560 412561 412308 412438 412315 400416 400033 412579 400422 412199 412718 412404 412730 412605 412576 412683 412612 400209 400211 412503 400093 400607 412517 412522 400111 400116
119431,/congress/votes/115-2017/h404,400316
119432,/congress/votes/115-2017/h405,400160 412615 412418 412579 412519 412617 412682 412523 400204 412717 412209 412562 412532 400661 412534 412697 400249 412715 412219
119430,/congress/votes/115-2017/h406,400160 412258 412579 412580 400232 400074 400204 412418 412721 412714 412532 412725 412438 412503 400618 400030
119434,/congress/votes/115-2017/s165,412281 412330 412507
119438,/congress/votes/115-2017/s166,412330
119437,/congress/votes/115-2017/h407,412419 412682 400651 412557 412558 412688 412562 412435 412438 412697 412189 412715 412716 412717 412209 412219 412605 412606 412675 412226 412615 400209 412686 412503 412382 400607 412512 412516 412519 412523 400116 412534 412537
119436,/congress/votes/115-2017/h408,412416 400618 412399 400209 412503 412509
119443,/congress/votes/115-2017/h412,400209
119442,/congress/votes/115-2017/h413,400116 412438 412503
119444,/congress/votes/115-2017/s168,412508 412492 412495 400284 300047
119445,/congress/votes/115-2017/h414,400209 412503
119446,/congress/votes/115-2017/h415,400209 412714 412509 412438 412503
119447,/congress/votes/115-2017/s169,412428 400061 300071
119450,/congress/votes/115-2017/s172,300071 300041 412269 412406 412665 400061
119455,/congress/votes/115-2017/h416,412704 412674 412675 412676 412646 412712 412700 412683 412738 400367 412731 412690 412691 412310 412713 412729 412699 412444 412732
119458,/congress/votes/115-2017/h417,412705 412706 412675 412676 412310 400367 412438 412727 412698 412731 412732
119454,/congress/votes/115-2017/h418,412290 400259 412422 412738 400654 400656 412438 412186 412315 400157 400160 400291 412714 400047 400309 412606 400063 412482 412621 412624 400344 412650 412532 400251 400381
119456,/congress/votes/115-2017/h419,412417 412421 412422 412427 400406 400411 400285 400158 409888 412202 412460 412461 412462 412465 412468 412469 400440 412736 412487 412488 412500 412639 412513 412515 412660 400373 412566 412536 412283
119457,/congress/votes/115-2017/h420,412432 400402 400660 412565 412438 400160 412193 412579 412721 412725 412621 400211 412628 400344 400220 400607 412688 400103 400232 400233 412524 400114 412627 412534 412649 412282
119459,/congress/votes/115-2017/h421,412432 400402 400660 412438 412572 400160 412193 412721 412725 412621 400211 412628 400344 400220 400607 412688 400103 400233 412395 412524 400114 412627 412534 412649 412282
119451,/congress/votes/115-2017/h422,400640 412432 400660 412565 412438 412572 400414 400160 412579 412327 412713 412725 412627 412628 412633 400220 400607 412688 412648 412649 412395 412271 400244 412393 400380
119453,/congress/votes/115-2017/h423,412514 412293 412682 412558 400349 400081 412562 412714 412438 412697 400189
119460,/congress/votes/115-2017/h424,400640 412633 400316 412725 412721
119452,/congress/votes/115-2017/h425,400640 412548 412421 400652 400654 412303 412432 412562 412311 412444 400157 400030 412327 412572 412714 412461 412574 400316 412480 412482 400068 412487 412628 412302 412630 400089 400218 412636 400656 412271 412531 412662 412663 400376 412538 412539 400381 412670
119462,/congress/votes/115-2017/h426,400209
119461,/congress/votes/115-2017/h427,400209 412503 412654 412438 400313
119464,/congress/votes/115-2017/h428,412292 412465 412551 400141 412541 400433 412308 412309 412601 400313 412444 400381 412190
119463,/congress/votes/115-2017/h429,400640 412290 412421 412550 412303 412563 412692 412310 412311 412317 400032 412460 412213 412480 412737 412485 412487 400077 412622 412536 412627 400341 400089 412634 412635 412510 412256 412513 412515 412393 412566 412278 412280 400406 412629
119467,/congress/votes/115-2017/h430,409888 412513 412658 412646 412476 412536 412393 412651 412621 400209 412466 412628 412648 400406 400376 400122 400380
119470,/congress/votes/115-2017/h431,400141 412430 400655 412564 400154 412399 412444 412317 412191 400160 412463 412465 412213 412601 400316 412469 412487 400209 400341 412630 412250 412256 412515 400081 412476 400365 412570 412271 412662 412536 412283 400381
119466,/congress/votes/115-2017/h432,400160 412715 412612 412517 412725 412519 412682 412615 412396 412717 412688 412562 400116 412693 412438 412697 412186 400251 400349 400607
119469,/congress/votes/115-2017/h433,412417 400004 412303 412692 412309 412567 412568 412443 400285 409888 412581 400175 412465 412468 412469 400440 400313 412317 412610 412487 400077 400209 412628 400341 412630 412510 412255 412513 412653 400029 412531 412660 400247 412536
119468,/congress/votes/115-2017/h434,400209
119471,/congress/votes/115-2017/h435,412682 400209 412714 400116 412438 412503 412697 412509 400030 400607
119472,/congress/votes/115-2017/s175,412492
119475,/congress/votes/115-2017/s176,412545 412194 300038 412582 412321 412223
119474,/congress/votes/115-2017/s177,412248 412281 412681 412671
119477,/congress/votes/115-2017/s179,300071
119478,/congress/votes/115-2017/h436,400209 400618 412438 412503
119480,/congress/votes/115-2017/h437,412419 412684 412308 412438 412575 400416 400033 412199 412600 412404 412730 400607 400063 412239 400209 412503 412505 412511 400240 400116 400245 412532 400379
119481,/congress/votes/115-2017/s180,412545 412490 300038 412391
119483,/congress/votes/115-2017/s181,300100 412542 412223
119482,/congress/votes/115-2017/s182,412545 300065 412194 412391 412680 412490 300043 300093
119486,/congress/votes/115-2017/s186,412218 412533 412598
119491,/congress/votes/115-2017/s188,412542 412223
119490,/congress/votes/115-2017/h439,400651
119489,/congress/votes/115-2017/h440,400209 412580 412444
119492,/congress/votes/115-2017/h441,412683 412438 412503
119493,/congress/votes/115-2017/h443,400209 412438 412503
119506,/congress/votes/115-2017/h445,412417 412421 412422 412427 400406 400411 400285 400158 409888 412202 412460 412461 412462 412465 412468 412469 400440 412736 412487 412488 412629 412639 412513 412515 412660 400373 412566 412536 412283
119499,/congress/votes/115-2017/h446,412480 412585 412555 400657 412308 400349 400030
119498,/congress/votes/115-2017/h447,412195 412555 412397 400081 412308 400313 412282 412444 412510
119505,/congress/votes/115-2017/h448,412443 400068 412461 412509 412612 412682 412427 412460 400077 412317 412581 412563 400052 400341 412500 400089 400379 412476 400029 412555 412469
119497,/congress/votes/115-2017/h449,412417 412555 400651 412213 412727 412698 412443 412445 412510
119507,/congress/votes/115-2017/h450,400640 412704 412578 412662 412646 412487 400648 412393 412651 400046 412272 412657 412466 400244 412438 412663 400122 400380 400285 412677
119496,/congress/votes/115-2017/h451,412555 412310 400367
119501,/congress/votes/115-2017/h452,412292 412555 412460 412465 400313 412443 412445 412190
119500,/congress/votes/115-2017/h453,412417 412421 412422 412427 400406 400411 400285 400158 409888 412202 412460 412461 412462 412465 412469 400440 412736 412487 412488 412536 412629 412639 412513 412515 412660 400373 412566 400376 412283
119504,/congress/votes/115-2017/h454,412292 412555 412460 412463 412465 412310 400313 412443 412444
119503,/congress/votes/115-2017/h455,412672 400419 400657 412515 400660 400406 412727 400244 400219
119502,/congress/votes/115-2017/h456,400004 412552 412427 400652 412610 408211 412308 412566 412548 412443 412572 412445 400032 412580 412462 412213 412214 400316 412469 400160 412226 400077 400206 412623 412536 412500 412622 400218 412382 412639 412256 412641 412476 412394 412399 412400 412402 412563 412280 412692 412540
119509,/congress/votes/115-2017/s189,400408 412464 412218 412492 400134
119508,/congress/votes/115-2017/s191,412248
119521,/congress/votes/115-2017/h458,400440 400209 412438 400343
119516,/congress/votes/115-2017/h459,412416 412290 412643 412486 412711 412393 412427 400652 412466 412271 412651 412721 400018 412691 400244 412649 400052 400380 400414 412482
119514,/congress/votes/115-2017/h460,412512 400641 412195 412209 412523 412519 412717 400081 412562 400630 412537 400440 400249 412682
119512,/congress/votes/115-2017/h461,412416 412290 412643 412738 412486 400380 412651 400652 412466 412700 412271 412721 400018 412649 400244 412393 412399 400316
119513,/congress/votes/115-2017/h462,400249 412580 400364 412189 400657
119515,/congress/votes/115-2017/h463,412419 412694 400271 412432 412561 412675 412692 412438 400154 412699 412445 412703 412192 412193 412706 412199 412712 412523 412717 412189 412728 412221 412612 412615 412236 400341 412505 412506 412512 412688 412516 412395 400364 412272 412657 400371 412532 400122 400379
119520,/congress/votes/115-2017/h464,412417 412421 412422 412427 400406 400411 400285 409888 412202 412460 412461 412462 412465 412468 412469 400440 412661 412736 412487 412488 412500 412639 412513 412515 412660 400373 412566 412536 412283
119517,/congress/votes/115-2017/h465,400657 400316 412693
119519,/congress/votes/115-2017/h466,400657 412523 412509 400630
119524,/congress/votes/115-2017/h467,412673 412566 412311 412399 412445 412202 412461 400046 412317 400057 412480 412610 400068 400077 412623 400209 412500 400313 400089 412634 412635 412515 412394 412271 412536 412402 400247 412280 412284
119527,/congress/votes/115-2017/h468,400640 412643 412580 400648 412714 400142 412303 412721 412718 412438 412311 412315 412284 412445 412399
119531,/congress/votes/115-2017/h470,400640 400644 412421 412422 400648 412427 412563 412311 400004 412572 400414 412714 412717 412466 412724 412555 400068 400077 412643 400340 412633 412636 412509 412515 412394 412651 412403 400247 412500 412539
119529,/congress/votes/115-2017/h471,412512 412672 412290 412721 412651 412558 412719 400209 400244 400219 400380
119523,/congress/votes/115-2017/h472,400640 412290 412548 412552 400141 412303 412690 412571 412699 412202 412658 400047 412466 400607 412605 412738 412614 412618 412634 412639 400352 412643 400100 412646 400233 412652 400114 412403 400380 412670
119534,/congress/votes/115-2017/h473,412290 412611 412721 400380 400170 412651 412652 400366 412303 400209 412466 400244 412315 400316
119533,/congress/votes/115-2017/h474,400640 409888 412290 412539 412421 412422 412202 412461 400077 412303 412536 412658 400373 412566 400376 412633 412629 400411 400285 412405
119522,/congress/votes/115-2017/h475,412290 412421 412426 400651 400652 400141 412303 412438 400367 400414 412191 412709 412713 412721 412466 400052 412472 412661 412736 412611 412487 412619 400077 412627 412628 412510 412648 412395 412397 412399 412660 412405 412662 412663 412536
119532,/congress/votes/115-2017/h476,412290 412643 412648 400271 400244 412633 400660 412698 400380 400607
119526,/congress/votes/115-2017/h477,400640 412648 412651 412721 412633 412698
119525,/congress/votes/115-2017/h478,400160 412290 412611 400348 412651 412466 412403 400660 412725 400218 400219 400380 400414 412643
119530,/congress/votes/115-2017/h479,412658 412290 412643 400380 412466 412303 412721 412434 400244 412566 412727 412719 400316 412255
119535,/congress/votes/115-2017/h480,412732 412724 412676 412438 412703
119536,/congress/votes/115-2017/h481,412292 412563 412566 412570 412317 412190 412580 412461 412462 412465 412469 400057 412475 412476 412736 400068 412487 400077 400081 412500 412634 412280 412660 412405 412536
119539,/congress/votes/115-2017/h482,400640 412290 412421 412427 400018 412310 412633 400411 412444 400285 412580 412469 400057 400077 400376 412629 400343 400089 412634 412515 412388 412393 412658 400373 412566 400247 412536 412539
119537,/congress/votes/115-2017/h483,400160 412580 412721 400199 412651 400653 400081 412725 412698 400030 400607
119538,/congress/votes/115-2017/h484,412648 412649 412651 412719 412721 400660 400249 412698 400030 400607
119540,/congress/votes/115-2017/s193,412492 300100 400357
119541,/congress/votes/115-2017/s194,412281 400413 412533
119543,/congress/votes/115-2017/s195,412323 412680 412681 412492 412495 300081 412247 412218 412507 300093
119548,/congress/votes/115-2017/h488,412614 412648 412649 412651 400657 412466 400660 412725 412698 400380 400607
119547,/congress/votes/115-2017/h489,400160 412709 412648 412651 412719 412721 412725
119545,/congress/votes/115-2017/h490,400640 412290 412643 400648 412523 412461 400655 412651 412648 412466 400244 412405 412633 412315 400380 400414 400607
119544,/congress/votes/115-2017/h491,400640 412736 412290 412721 412648 412649 412651 400209 412466 412691 412405 400376 412539 400316
119549,/congress/votes/115-2017/h492,412736 412641 412427 412426 412395 400077 412461 412634 412727 412563 412500 412405 412566 400313 400057 412570 412635 400316 412317 412692
119562,/congress/votes/115-2017/h493,412256 412432 412550 412540 400656 400433 412213 412472 412444
119559,/congress/votes/115-2017/h494,412682 412308 412725 412190 412711
119568,/congress/votes/115-2017/h495,412721 400411 412629
119572,/congress/votes/115-2017/h496,412192 412512 412690 412438 412311 412315
119555,/congress/votes/115-2017/h497,400640 412672 412196 412648 412412 412651 412621 412721 412536 412633 412698 400316 412676
119554,/congress/votes/115-2017/h498,412672 412419 400660 412571 412621 400657 400244 400249 400219
119563,/congress/votes/115-2017/h499,412417 412550 412426 412303 412569 412570 400411 400285 412202 412461 400029 412465 412469 412217 400209 412627 412628 400313 412635 412639 400365 412405 412662 412538 412540
119552,/congress/votes/115-2017/h500,412290 412721 412657 412649 400209 412627 400244 412438 400440 400219 400380
119558,/congress/votes/115-2017/h501,400640 412290 400648 412427 400141 400142 412303 400018 412311 400057 412611 412486 412619 412621 412631 400348 412513 412646 412393 412399 412403 412536 400380
119570,/congress/votes/115-2017/h502,412292 412421 412427 412303 400018 412310 400411 412572 412317 412202 412461 400285 412469 400313 400029 412487 400209 412627 412630 412635 400365 412405 412662 412536 412539 412540
119569,/congress/votes/115-2017/h503,400640 412290 412427 412674 412303 412310 400411 400285 412540 412461 412466 412469 412475 400189 412662 412487 412619 412621 400209 412627 412631 400348 412646 412393 400365 412657 412405 412534 412663 412536 412539 400380
119573,/congress/votes/115-2017/h505,400419 412662 412486 412393 412619 412663 412621 412654 412303 412611 400209 412531 400660 412651 412649 412536 400313 412564 412539 412636 400414
119560,/congress/votes/115-2017/h506,412290 412657 412292 412646 412541 412552 412461 412317 400209 412627 412468 412405 400440 412633 412539 412572 400381 412469
119553,/congress/votes/115-2017/h507,412290 412292 400652 412686 400660 412694 412574 412721 412486 412487 412621 400081 400654 412649 412651 412399 400244 412405 412663 400249 400380 400381 412302
119551,/congress/votes/115-2017/h508,412523 412510 412581 412444 412552 400316 400651 412460 400433 412596 412437 400313 412570 412580 412284 412445 400350
119567,/congress/votes/115-2017/h509,412256 412578 412292 412709 412711 412555 412465 412213 412438 412727 412190 412703
119561,/congress/votes/115-2017/h510,400640 412421 412555 412563 412566 400411 412317 409888 400297 412461 400285 400433 412468 412469 400440 400057 412487 400077 412500 412629 412633 412634 412513 412515 400373 400247 412536
119565,/congress/votes/115-2017/h511,400640 400004 412421 412551 412430 412303 412692 412311 412317 400297 400175 400440 412601 400376 412634 412509 412395 412655 412278 412280 412539 412284
119564,/congress/votes/115-2017/h512,412672 412643 412721 400657 400244 400440 400219 400380
119557,/congress/votes/115-2017/h513,412292 412563 412692 412566 412317 412461 412462 412465 412469 400313 412476 400068 412487 400077 412280 412500 400057 400089 412634 412402 412660 412536 412541
119571,/congress/votes/115-2017/h514,412713 400116 412725 412686 412639
119566,/congress/votes/115-2017/h515,412672 412290 412643 412721 400380 412719 400209 412649 412627 400244 412311 400440 400089 400316
119574,/congress/votes/115-2017/h517,400630 412519 412682 412715 412716 412686 412714 412438 412694 412509
119587,/congress/votes/115-2017/h518,412611 412721 400648 412393 412651 412621 412271 412648 412466 400630 412649 412633 400316
119577,/congress/votes/115-2017/h519,400640 412290 400643 412427 412317 409888 400419 412196 412202 412462 400285 412465 412466 412468 412469 400077 412500 412629 412634 412393 412658 400373 400376 400340
119575,/congress/votes/115-2017/h521,400657 400170 412523 400081 412694 412633 400209
119578,/congress/votes/115-2017/h522,412192 412544 412715 400100 412615 412716 412682 412647 412396 412685 412686 412717 412688 400209 400371 412534 412632
119580,/congress/votes/115-2017/h523,400657 400170 412271 400209 412661 412633 400316
119579,/congress/votes/115-2017/h524,400640 400004 400057 412555 412563 400046 412566 412292 400411 412317 412462 400285 412465 412469 400313 412476 412487 400077 412500 400341 412503 412634 412515 412394 412399 400247 412280 412670
119586,/congress/votes/115-2017/h525,400640 412290 412643 412721 400380 412651 412621 400209 400244 400348
119583,/congress/votes/115-2017/h526,412482 412581 412295 400232 412540 412426 412460 412578 412509 412465 400116 412213 400089 400220 400189 412469 412191
119581,/congress/votes/115-2017/h528,412619 412540 412426 412395 400365 412526 412683 400209 412649 400116 412438 412503 400244 400316 400607
119584,/congress/votes/115-2017/h529,400209 412675 412438 412503
119588,/congress/votes/115-2017/s196,412281 412378 400413 412533
119589,/congress/votes/115-2017/s197,412492 300100 412598 300038 412495
119591,/congress/votes/115-2017/s198,300100 412325 300038 412492 412495 412223
119590,/congress/votes/115-2017/s199,300065 300100 412325 412492 412495 412248 412223
119597,/congress/votes/115-2017/h530,412694 412682 412557 412686 412562 412693 412438 412697 400160 412715 412716 412717 412209 412725 412219 412735 400199 400653 400209 412630 412631 400607 412512 412519 412523 400365 412272 412661 412534
119603,/congress/votes/115-2017/h535,400209
119602,/congress/votes/115-2017/h537,412690 412683 412525 400657 412434 412438 412569 412699 412726 412729 400316 412605 412226 412485 412623 400209 412628 412503 412395 412397 400116 412410
119606,/congress/votes/115-2017/s204,412200 412507 412678
119608,/congress/votes/115-2017/s205,412378
119607,/congress/votes/115-2017/h539,412226 412694 400618 412683 412397 412717 400209 412697 412438 412503 412569 412682
119609,/congress/votes/115-2017/s206,412542
119611,/congress/votes/115-2017/h542,412682 400653 412562 412435 412438 412695 412189 412706 412195 412331 412716 412725 412219 400199 400209 412630 412631 400607 412516 412523 412272 412661 412282
119610,/congress/votes/115-2017/h543,412512 412514 412485 412519 412682 412715 412652 412685 412537 412688 412209 412435 412717 412438 412503 400249
119613,/congress/votes/115-2017/s207,412542
119614,/congress/votes/115-2017/s208,412305 300019 412390
119617,/congress/votes/115-2017/s209,412305 412243 412244
119619,/congress/votes/115-2017/h547,400630
119621,/congress/votes/115-2017/h548,400316 400630
119620,/congress/votes/115-2017/h549,400648 400657 400630 400142
119622,/congress/votes/115-2017/h550,400170 412438 412503
119623,/congress/votes/115-2017/s210,300019 412390 300038
119626,/congress/votes/115-2017/s211,300019 412390 300038
119627,/congress/votes/115-2017/s212,412323
119629,/congress/votes/115-2017/h553,400417 412259 412580 400103 412682 400363 400238 412501 412470 412571 412725
119628,/congress/votes/115-2017/h554,400097 412514 412516 400230 400417 412682 412331 400238 412435 412308 412382 400246 412385 412219 400124 412189 400350 412501
119631,/congress/votes/115-2017/s213,400064 412323 400415
119630,/congress/votes/115-2017/h555,412292 412444 412555 412460 400116 412469 412310 412727 412472 400313 412548 412443 400220
119634,/congress/votes/115-2017/s214,412243
119635,/congress/votes/115-2017/s215,412243
119632,/congress/votes/115-2017/h556,400417 412516 412647 412327 412682 412523 412557 412432 400402 412257 412282 412506 412562
119633,/congress/votes/115-2017/h557,412290 412651 412721 412487 400648 412649 412619 412658 400209 412466 412627 400244 412438 412503 412698 400219 400380
119636,/congress/votes/115-2017/s216,412305 412244
119639,/congress/votes/115-2017/h561,412715 412438 400618 412523 412714 412694 412503 412697 412509
119645,/congress/votes/115-2017/h564,400657 400081 400218 412315 412509 400209
119647,/congress/votes/115-2017/h565,400033 400162 412419 400100 400209 412438 412503 400607
119644,/congress/votes/115-2017/h566,400643 412676 412553 412683 400018 412675 412438 412702 412706 412709 412711 412712 412724 412729 412731 412608 412609 412738 412485 412488 412619 412627 412503 400607 412670
119643,/congress/votes/115-2017/h567,412627
119648,/congress/votes/115-2017/s217,412378 412244 300078
119649,/congress/votes/115-2017/s218,300018 412490
119653,/congress/votes/115-2017/s220,412200 412678 412598 412495
119655,/congress/votes/115-2017/s224,412554
119658,/congress/votes/115-2017/s226,412492 412391
119664,/congress/votes/115-2017/s233,412464 412492 400134 412495
119668,/congress/votes/115-2017/s236,412464 412492 412549 400134 412495
119666,/congress/votes/115-2017/s237,300041 412556 412428 412669
119667,/congress/votes/115-2017/s238,300041 412666 300027 300083
119670,/congress/votes/115-2017/s239,412322 412549 300071 300075 412495 300052 412406 412665 412218 300030
119674,/congress/votes/115-2017/s240,412549 412205 412406 300071
119671,/congress/votes/115-2017/s241,412218 412549 412492 412495 412666 412573 412671
119672,/congress/votes/115-2017/s242,412248 300002
119675,/congress/votes/115-2017/s245,412492
119677,/congress/votes/115-2017/s246,400408 300089 412492 412671
119678,/congress/votes/115-2017/h569,412438
119680,/congress/votes/115-2017/h570,400209 400651
119681,/congress/votes/115-2017/h574,400209 400371 412438
119684,/congress/votes/115-2017/s247,400408 300089 412248 412671
119692,/congress/votes/115-2017/s248,400408 300089 412248 412492 412671
119691,/congress/votes/115-2017/h575,400081 412523 412509
119688,/congress/votes/115-2017/h576,412529 412714 412523 400081 400316 412509
119687,/congress/votes/115-2017/h577,400081 412714 412523 400316 412509
119685,/congress/votes/115-2017/h578,412485 400209 412523 400108 400081 400316 412509
119686,/congress/votes/115-2017/h579,400209 412523 400142 400081 400244 400380 412509
119690,/congress/votes/115-2017/h580,412688 400081 412714 412523 412509
119689,/congress/votes/115-2017/h581,412438 412503
119693,/congress/votes/115-2017/s249,412679 300047
119694,/congress/votes/115-2017/s250,300081 400050 412378 300038 412533
119697,/congress/votes/115-2017/h582,400209
119696,/congress/votes/115-2017/h583,400209
119701,/congress/votes/115-2017/h585,412315
119700,/congress/votes/115-2017/h586,400209 400244 400380
119699,/congress/votes/115-2017/h588,400657 400316
119702,/congress/votes/115-2017/h589,412672 412290 412643 412646 412648 412284 412619 412720 400209 412690 412649 400116 412438 412503 400244 400219 400380 400607
119703,/congress/votes/115-2017/h590,400116 412503
119704,/congress/votes/115-2017/s251,412378 412533
119705,/congress/votes/115-2017/s252,412305 300018 300100 412678 412598
119706,/congress/votes/115-2017/s253,412305 300018 300100 412678 412598
119707,/congress/votes/115-2017/s254,412582
119708,/congress/votes/115-2017/s255,412582
119709,/congress/votes/115-2017/s256,412244 300093
119710,/congress/votes/115-2017/h591,400033
119711,/congress/votes/115-2017/s257,412244 300093
119713,/congress/votes/115-2017/s258,412330
119714,/congress/votes/115-2017/h593,412315
119719,/congress/votes/115-2017/h594,412290 412721 400657 400618 400209 412690 408211 412438 412315
119715,/congress/votes/115-2017/h595,412290 400648 412651 412721 400244 412315 400380
119720,/congress/votes/115-2017/h596,412290 412707 412721 400657 412725 412438 400249 412315 400350
119717,/congress/votes/115-2017/h597,400209 412627
119718,/congress/votes/115-2017/h598,412290 412612 400618 412651 412396 400365 412557 412721 408211 400244 412438 412676 400380 400030 400607
119721,/congress/votes/115-2017/s259,412330
119726,/congress/votes/115-2017/h600,400209
119724,/congress/votes/115-2017/h601,412534 412519 412682 412715 412717 412686 412714 412694 412697 412509
119725,/congress/votes/115-2017/h602,400209
119728,/congress/votes/115-2017/h604,412739 412644 412682 412716 412685 400271 412689 400245 412221 412725
119729,/congress/votes/115-2017/h606,412512 412715 412438 412682 412683 412686 412688 412209 412534 412503 412694
119734,/congress/votes/115-2017/s262,412678 412598
119735,/congress/votes/115-2017/s263,412391 300071
119736,/congress/votes/115-2017/h610,400209 400316
119743,/congress/votes/115-2017/s264,412391 300071
119742,/congress/votes/115-2017/h613,400209 400618 412714
119741,/congress/votes/115-2017/h614,412512 400618 412523 412688 412694 412315
119740,/congress/votes/115-2017/h615,412684 412307 412308 412318 412576 400033 412718 412470 412730 412613 412616 412239 400209 412501 400090 412511 412385 412258 412259 412521 412532 400379
119749,/congress/votes/115-2017/h619,400618 412523 400077 400209 412568 400440 412315 400316 412189
119748,/congress/votes/115-2017/h620,400363 412677 412652 412685 412688 412434 408211 412189 400030 400160 412579 412580 412718 400047 412209 412725 412606 412617 400077 400209 400352 412517 412523 412396 400114 412537
119752,/congress/votes/115-2017/h622,400209
119754,/congress/votes/115-2017/s269,300100 400413 412598 300087
119757,/congress/votes/115-2017/s270,300100 400413 300087
119756,/congress/votes/115-2017/s271,412391 412492 300071
119755,/congress/votes/115-2017/h623,412675 412421 412683 400237 412434 412438 412569 412570 412574 412708 412215 400116 412730 412732 412221 412226 412485 412727 400209 412503 400607 412514 400379 412644 412646 412397 400111 412532 412404 412283
119762,/congress/votes/115-2017/h627,412534 412715 412717 412438 412694 412503
119766,/congress/votes/115-2017/s272,412492 300071
119764,/congress/votes/115-2017/h630,412672 400142 412688 408211 412438 412443 412318 400033 412710 412715 400630 400074 412621 400209 412630 412631 400344 400219 412511 400081 412523 400108 400111 400371 400244 412534 400380
119765,/congress/votes/115-2017/h631,412546 412419 412687 400403 412308 412729 412438 412186 412315 412718 400116 412485 400326 412239 400209 412503 400349 400100 400101 400114 412532 400249 400639 412543
119769,/congress/votes/115-2017/s274,412678
119771,/congress/votes/115-2017/h632,400209
119776,/congress/votes/115-2017/s278,412200
119778,/congress/votes/115-2017/s279,412200 412679 412542 412223
119779,/congress/votes/115-2017/h637,412672 412290 400196 412646 412295 412648 400142 412719 400209 400244 400343 400219 400380
119782,/congress/votes/115-2017/s281,412542 412223
119781,/congress/votes/115-2017/s282,412679 412391
119784,/congress/votes/115-2017/s283,412679 412391
119783,/congress/votes/115-2017/h639,412485 400199 400170 400077 400661 412438 412503 412694
119787,/congress/votes/115-2017/h640,400209
119794,/congress/votes/115-2017/h642,400100 400233 412432 400209 408211 412214 400316 412509
119791,/congress/votes/115-2017/h643,400640 412290 412303 408211 400660 412311 412572 400414 400160 400047 412466 400309 412606 412621 400209 400607 412643 412648 412393 400618 412651 400108 400380
119796,/congress/votes/115-2017/h646,412721 400648 412713 400077 400209 400344
119797,/congress/votes/115-2017/h647,400344 400209 412658 400077 412487
119798,/congress/votes/115-2017/h648,412672 412513 412651 412721 400209 412649 412487 400657 400077 400081 412658 412403 400244 400376 400406 400344 400219 400380 400414 412629
119799,/congress/votes/115-2017/h649,412419 412712 412683 412690 412438 412503 412729 400607
119804,/congress/votes/115-2017/h650,400209 412627 412500
119803,/congress/votes/115-2017/h651,412544 412715 400100 412647 412682 412523 412396 412685 412686 400271 400209 400371 412308 412725 412632 400030
119807,/congress/votes/115-2017/s292,412545 412598 412325 412542 412223
119813,/congress/votes/115-2017/s294,300025 300019 300038 412321
119812,/congress/votes/115-2017/s296,412545 300075 412305 412242 300025 412218 300093
119817,/congress/votes/115-2017/s299,412545 412244 412678 412598 412681
119810,/congress/votes/115-2017/s300,412200 412545 412678 412598 412681
119818,/congress/votes/115-2017/s302,412556 412679
119811,/congress/votes/115-2017/s303,412248
119819,/congress/votes/115-2017/s304,300081 412390
119820,/congress/votes/115-2017/h653,412672 412646 400209 400244 412438 400219 400380
119822,/congress/votes/115-2017/h655,412675 412661 412438 400607
119825,/congress/votes/115-2017/s305,300081 412390
119827,/congress/votes/115-2017/h658,400641 412580 412607 412687 400075 412718 400111 412432 412529 400402 400371 412308 400309 412214 412632 400047 412606 412565
119828,/congress/votes/115-2017/h659,400651 412683 412397 400657 412503 400316
119829,/congress/votes/115-2017/h660,412226 412683 400657 400316 400651 412397 400209 400116 412725 412438 412503 412569 400220 400030
119830,/congress/votes/115-2017/s307,412248
119835,/congress/votes/115-2017/h662,400209 412627 400316
119834,/congress/votes/115-2017/h663,412672 412290 412315 412202 400651 412621 412619 412651 412721 412466 412725 412438 412503 400218 400219 400380 400030
119831,/congress/votes/115-2017/h664,400209 412683 412503
119837,/congress/votes/115-2017/s310,412507 300019 412390
119839,/congress/votes/115-2017/h665,400209
119840,/congress/votes/115-2017/h666,400209 400316
119841,/congress/votes/115-2017/h667,412683 412485 412395 412397 400209 400116 412438 412503
119844,/congress/votes/115-2017/h670,412690 412523 412694 412682 400651 412653 412434 412419 412729 412438 412697 412569 412703 412714 412715 412214 412662 412683 412485 400209 412503 412509 412255 412259 412646 412519 412395 412397 400363 412534 412537
119843,/congress/votes/115-2017/h671,412416 412419 412310 400651 400656 412690 412675 412438 412569 400154 412572 400032 412713 412605 412478 412226 412683 412485 412623 400209 412627 412503 400607 412625 412395 412397 412477 400116 412662
119845,/congress/votes/115-2017/s311,412678 300071 412200 412671 412669 412495 412598 412667 412573 412542 412223
119847,/congress/votes/115-2017/h672,400290 412215
119848,/congress/votes/115-2017/h673,412438 412503
119850,/congress/votes/115-2017/h674,400209 412627
119851,/congress/votes/115-2017/h675,400097 412739 412571 412657 412616 412522 412558 400271 400209 412435 412308 412725 400623 412682
119854,/congress/votes/115-2017/h677,412534 412682 412717 412509 412694 412714
119859,/congress/votes/115-2017/s316,412243
119856,/congress/votes/115-2017/h679,400074 412509 412534 412717
119858,/congress/votes/115-2017/h680,412385 412739 412516 412517 412616 400170 412331 412716 412685 400623 412560 400209 412682 400308 400246 412503 400116 400122 412687 412522 412318
119863,/congress/votes/115-2017/h681,400074 400316
119861,/congress/votes/115-2017/h682,412418 412546 400271 412562 412435 412565 412438 412571 412575 412579 412199 412739 412617 400074 400204 400209 412687 412638 412258 412516 400616 400639
119860,/congress/votes/115-2017/h684,400160 412385 412715 412534 412529 412522 412695 412652 412717 400623 412560 400209 412562 400371 400116 412725 412438 412503 412694 412682 412606
119864,/congress/votes/115-2017/s317,412243
119866,/congress/votes/115-2017/s318,412194 412323 412390
119865,/congress/votes/115-2017/s319,412305 300081 412490 412247
119869,/congress/votes/115-2017/h685,412438
119868,/congress/votes/115-2017/h686,412690 412683 400651 412397 412434 400116 412661 412438 412503
119867,/congress/votes/115-2017/h687,412578 412619 400651 412525 412655 412683 412690 412661 412438 412503 412569 412283 412574 400607
119871,/congress/votes/115-2017/h689,400209 412438 412503
119873,/congress/votes/115-2017/s320,412492 412281 300100 412678
119872,/congress/votes/115-2017/h690,412690 412419 400651 412397 412619 412525 412434 412675 400116 412661 412438 412503 412569 400220 412725 412729 400607
119876,/congress/votes/115-2017/h692,412672 412290 400196 412646 412648 400142 412719 400209 400244 400343 400219 400380
119874,/congress/votes/115-2017/h693,412438
119879,/congress/votes/115-2017/h694,412516 412517 412657 412689 412716 400074 400204 400271 400209 412595 400116 412725 412412 412682
119880,/congress/votes/115-2017/h695,412690
119883,/congress/votes/115-2017/h698,400209
119885,/congress/votes/115-2017/h699,412672 412290 400196 412646 412648 400142 412719 400209 400244 400343 400219 400380
119887,/congress/votes/115-2017/h701,400209
119889,/congress/votes/115-2017/h702,412544 412257 412523 400209 412715 412714 412295 412717 400271 412683 400081 412503 412438 400343 412282 412509
119891,/congress/votes/115-2017/h705,412438 412503
119892,/congress/votes/115-2017/h707,412417 412550 412551 400652 412430 400655 412317 400158 412653 412460 412461 400052 412601 412480 412226 412487 412622 400341 400313 412635 412641 412388 412525 412526 412405 412284
119895,/congress/votes/115-2017/h708,412544 412419 412694 412682 412683 412690 412693 412438 412311 412569 400030 412703 412714 412209 412226 412662 412621 412697 412503 400344 412509 412255 412283 412519 400618 412396 412397 412534 412537 412411
119894,/congress/votes/115-2017/h709,412416 412608 400643 412676 412422 412295 412552 412553 412426 412683 412675 412397 412434 412419 412438 412569 400154 412702 412191 400032 412550 412711 412712 400175 412639 412596 412472 412729 400607 412703 412477 412605 412226 412611 412485 400071 412619 412623 412624 412628 412503 412255 412475 412388 400365 412399 400116 412661 412662 412540 412670
119898,/congress/votes/115-2017/s324,412322 400134 412679 412492 412495 412573 300030 412671
119897,/congress/votes/115-2017/s325,300065 412680 412330 412492 412495 300093
119899,/congress/votes/115-2018/s1,412678 300100 412598 412542
119901,/congress/votes/115-2018/s2,412200
119902,/congress/votes/115-2018/s4,412200
119904,/congress/votes/115-2018/h2,400209 412503
119906,/congress/votes/115-2018/h4,412438
119907,/congress/votes/115-2018/h5,412576 412193 400355 412688 412647 412715 412396 400402 412718 400047 412432 400114 412717 412606
119909,/congress/votes/115-2018/h6,412193 412647 412715 412396 400402 400047 412688 400114 412717
119908,/congress/votes/115-2018/h7,412576 412193 412647 412715 400402 400047 412688 400114 412717 400406 412606 400639
119910,/congress/votes/115-2018/s6,412200
119914,/congress/votes/115-2018/h8,400209 412694 412534 412503
119915,/congress/votes/115-2018/h11,412672 412290 400259 412293 412682 412546 412558 400271 412688 400661 412566 412421 412580 412583 412584 412615 412721 412214 412487 412616 412629 400344 412505 400219 412385 412643 412517 412519 412649 412651 412396 412657 400244 412536 400380
119918,/congress/votes/115-2018/h14,412416 412673 412419 412639 412295 412552 412605 412426 400651 400652 412482 412430 412397 412689 400018 400659 412309 412569 412399 412574 412191 400417 412571 412525 412331 412503 400052 400440 400313 400314 400607 412477 412472 412736 412226 412683 412485 412623 412624 400209 400211 400343 412255 412514 412646 400230 400361 412395 412685 400365 412682 400623 412627 400116 412434 412662 412536 412410
119920,/congress/votes/115-2018/h15,400651 400209 400018 400116 412438 412503
119919,/congress/votes/115-2018/h16,412631 412419 412310 412295 412552 412682 400651 400652 412482 412430 412397 412689 412434 412675 412729 412438 412569 400029 412574 400032 412578 412738 412525 412712 412503 400052 412472 400313 400314 412639 412605 412478 412226 412683 412485 412486 412488 412619 412685 412624 400209 412627 400343 400378 400607 412711 400365 400116 412662 412410
119921,/congress/votes/115-2018/h17,412438 412503
119922,/congress/votes/115-2018/s8,412200
119925,/congress/votes/115-2018/s10,412549 412492 412495 412244 412406 400284
119927,/congress/votes/115-2018/s11,412549 300043 412492 412495 300081 412244 412406 412247 412218 400284 412573
119928,/congress/votes/115-2018/h19,412683 412438 412503
119929,/congress/votes/115-2018/h22,412683 400209 412395 412438 412503
119934,/congress/votes/115-2018/h24,412690 412419 412694 412295 412682 400651 400656 412434 412308 412693 412438 412569 412315 412523 412715 412717 412725 412226 412683 412534 400209 412503 412509 412382 400607 412688 412258 400618 412395 412525 400371 400116 400630 412714 412562
119933,/congress/votes/115-2018/h25,400209 400249
119936,/congress/votes/115-2018/s12,412549 412492 412495 300081 412244 412406 412247 412665 412218
119938,/congress/votes/115-2018/h28,400209 412438 412503
119940,/congress/votes/115-2018/h30,400316 400220 400630
119943,/congress/votes/115-2018/h31,400209 412725 400246
119941,/congress/votes/115-2018/h32,412192 412571 400209 400363 412688 400081 412534 400218 412315
119942,/congress/votes/115-2018/h33,412662 400657 400618 412683 412397 412686 412621 400209 412690 412725 412438 412503 400344 412703 412714 412255
119944,/congress/votes/115-2018/h34,400209 400651 412438
119945,/congress/votes/115-2018/s13,412492 412495
119947,/congress/votes/115-2018/h35,400641 412580 400616 400363 412718 400111 412432 412529 400402 400371 400309 412214 412632 400047 412606 412565
119948,/congress/votes/115-2018/h36,400657 412214 412571 400630 400230
119946,/congress/votes/115-2018/h37,412503
119950,/congress/votes/115-2018/s14,412741 400134 300072 412492 412495 412243 300047
119949,/congress/votes/115-2018/s15,412243 412741
119951,/congress/votes/115-2018/h38,412512 412546 412219 412694 412209 412714 412519 412686 412688 400081 412308 412534 400218 412315 412382 412575
119953,/congress/votes/115-2018/h40,400259 412708 400263 400111 412470 412509
119954,/congress/votes/115-2018/h42,412512 412715 412534 412647 412714 412523 412685 412686 412688 412209 412532 412438 412694 412509
119957,/congress/votes/115-2018/s16,412492 412244 412495
119958,/congress/votes/115-2018/s17,412492 412244 412495
119959,/congress/votes/115-2018/h44,412257 412418 412683 412662 400230 412236 412682 412435 400364 412397 412505 412272 400211 412725 412438 412503 400344 400249 400378 412571 412382
119960,/congress/votes/115-2018/s18,412678 300043 412492 412495 412598 412573
119961,/congress/votes/115-2018/s19,300043 412678 412491 412492 412495 412598 412573
119962,/congress/votes/115-2018/s20,300019 412492 412741 412390
119964,/congress/votes/115-2018/s21,300019 412492 412741 412390
119968,/congress/votes/115-2018/s25,300075 412246
119967,/congress/votes/115-2018/s26,412242 412741
119969,/congress/votes/115-2018/h45,412503 412438 400607
119970,/congress/votes/115-2018/h46,412419 412485 400052 412661 412438 412503 412478 400607
119971,/congress/votes/115-2018/h48,412534 412714 412438 412694 412503 412697 412509
119974,/congress/votes/115-2018/s27,412242 412741
119973,/congress/votes/115-2018/h49,412694 412682 412557 412686 412562 412438 400030 412575 412579 412715 412209 412532 412558 412503 412382 400607 412512 412516 412519 412523 400116 412534 412537
119980,/congress/votes/115-2018/h54,412503
119981,/congress/votes/115-2018/h55,412714 412509 412438 412503
119982,/congress/votes/115-2018/h56,412418 400100 412517 412615 400616 412682 412503 412239 412696 400114 400403 412725 400663 412435 412186 412543 400316 412637 412319
119984,/congress/votes/115-2018/h59,412534 412714 400209 412438 412694 412503 412509
119986,/congress/votes/115-2018/h60,412419 412580 412534 412209 412682 412519 412621 412686 412697 400209 400116 412382 412438 412503 400344 412537 412694 412693 400030 400607
119989,/congress/votes/115-2018/h62,400116 412438 412503
119991,/congress/votes/115-2018/h64,400259 412637 412331 412716 400271 412272 412682 412638 412571 412189 412318 412725
119992,/congress/votes/115-2018/s29,412681 412492
119993,/congress/votes/115-2018/h66,412418 412315 400271 412725 412716 412682 400364 412685 400623 412272 412689 412565 412695 412644 412219 412189 412575
119994,/congress/votes/115-2018/s30,412496 412322 412549 400134 412200 300041 412330 300043 412495 412464 300018 412542 412598 412678 300030
119995,/congress/votes/115-2018/s31,412496 412322 300100 412549 400134 412200 300041 412330 300043 412495 412464 300018 412598 412678 300030
119996,/congress/votes/115-2018/h68,412226 412438 412552 412683 412309 412534 412503 412569 412694 412509
119998,/congress/votes/115-2018/h69,412419 412550 412295 412552 412553 412426 400651 412610 412430 400365 400018 412309 412569 412570 412572 412445 412525 412653 412462 400175 412596 412472 412217 412475 412605 412736 412226 412740 412485 400071 412623 400313 400220 412410 412639 412641 412503 412395 412397 412399 400116 412662 412434 412660 412670
119999,/congress/votes/115-2018/s32,412573
